{"stats":{"minecraft:used":{"minecraft:stone_sword":133,"minecraft:birch_planks":1,"minecraft:oak_planks":4,"minecraft:spruce_planks":17,"minecraft:wooden_pickaxe":31,"minecraft:diamond_axe":32,"minecraft:rotten_flesh":6,"minecraft:warped_roots":1,"minecraft:dirt":66,"minecraft:mutton":2,"minecraft:crafting_table":3,"minecraft:diamond_pickaxe":2,"minecraft:apple":14,"minecraft:diamond_shovel":2,"minecraft:stone_axe":21,"minecraft:fire_charge":1,"minecraft:golden_carrot":20,"minecraft:oak_boat":3,"minecraft:potato":40,"takesapillage:ravager_horn":2,"biomesoplenty:flesh":33},"minecraft:custom":{"minecraft:mob_kills":35,"minecraft:interact_with_crafting_table":6,"minecraft:leave_game":2,"minecraft:time_since_death":16895,"minecraft:climb_one_cm":2623,"minecraft:time_since_rest":16901,"minecraft:sprint_one_cm":284494,"minecraft:damage_taken":8321,"minecraft:walk_one_cm":531213,"minecraft:drop":6,"minecraft:damage_dealt":8464,"minecraft:swim_one_cm":53884,"minecraft:fly_one_cm":550571,"minecraft:player_kills":1,"minecraft:raid_win":1,"minecraft:open_chest":42,"minecraft:crouch_one_cm":11310,"minecraft:play_time":109807,"minecraft:deaths":19,"minecraft:sneak_time":2515,"minecraft:walk_under_water_one_cm":24858,"minecraft:boat_one_cm":50535,"minecraft:jump":2795,"minecraft:walk_on_water_one_cm":24286,"minecraft:total_world_time":109807,"minecraft:fall_one_cm":55962},"minecraft:broken":{"minecraft:diamond_helmet":1,"minecraft:stone_sword":1,"takesapillage:ravager_horn":2},"minecraft:killed":{"minecraft:evoker":1,"minecraft:vex":3,"minecraft:witch":1,"takesapillage:legioner":1,"takesapillage:skirmisher":2,"minecraft:vindicator":3,"minecraft:ravager":3,"minecraft:phantom":1,"minecraft:sheep":5,"minecraft:pillager":7,"minecraft:zombie":2,"takesapillage:archer":3},"minecraft:crafted":{"minecraft:wooden_sword":1,"minecraft:oak_planks":32,"minecraft:crafting_table":2,"minecraft:spruce_planks":56,"minecraft:wooden_pickaxe":1,"minecraft:furnace":1,"minecraft:stone_axe":1,"minecraft:oak_boat":2,"minecraft:stick":12,"minecraft:stone_pickaxe":1,"minecraft:stone_sword":1},"minecraft:picked_up":{"minecraft:crafting_table":2,"minecraft:golden_carrot":20,"biomesoplenty:flesh":35,"minecraft:birch_planks":1,"minecraft:gold_block":1,"minecraft:oak_log":8,"minecraft:shield":1,"minecraft:dirt":4,"minecraft:white_banner":5,"minecraft:iron_leggings":1,"takesapillage:ravager_horn":3,"minecraft:blackstone":1,"minecraft:diamond_leggings":1,"minecraft:spruce_planks":2,"minecraft:iron_ingot":9,"minecraft:oak_boat":2,"minecraft:poppy":2,"minecraft:glass_bottle":1,"minecraft:diamond_helmet":1,"minecraft:iron_sword":1,"minecraft:phantom_membrane":1,"minecraft:poisonous_potato":5,"minecraft:fire_charge":1,"sophisticatedbackpacks:iron_backpack":1,"minecraft:spruce_log":14,"minecraft:redstone":1,"minecraft:arrow":8,"minecraft:rotten_flesh":6,"minecraft:diamond_chestplate":1,"minecraft:diamond_boots":1,"minecraft:diamond_axe":1,"minecraft:emerald":9,"minecraft:totem_of_undying":1,"minecraft:warped_roots":3,"minecraft:mutton":8,"minecraft:coal":12,"minecraft:white_wool":5,"minecraft:cobblestone":19},"minecraft:killed_by":{"minecraft:player":3,"minecraft:iron_golem":1},"minecraft:dropped":{"alexsmobs:animal_dictionary":1,"minecraft:warped_roots":2,"minecraft:arrow":2,"biomesoplenty:flesh":2},"minecraft:mined":{"minecraft:spruce_planks":2,"minecraft:blackstone":1,"biomesoplenty:desert_grass":2,"minecraft:powder_snow":14,"minecraft:crafting_table":2,"minecraft:grass_block":2,"minecraft:spruce_leaves":5,"biomesoplenty:huge_clover_petal":2,"biomesoplenty:dead_grass":4,"minecraft:birch_planks":1,"minecraft:fire":32,"minecraft:ice":1,"minecraft:spruce_log":14,"biomesoplenty:flesh":40,"minecraft:gold_block":1,"minecraft:oak_log":8,"minecraft:coal_ore":12,"minecraft:dirt":3,"minecraft:packed_ice":12,"minecraft:stone":19,"minecraft:fern":1}},"DataVersion":3465}