{"stats":{"minecraft:custom":{"minecraft:mob_kills":22,"minecraft:interact_with_crafting_table":6,"minecraft:leave_game":1,"minecraft:time_since_death":154,"minecraft:climb_one_cm":2233,"minecraft:time_since_rest":181,"minecraft:sprint_one_cm":157444,"minecraft:damage_taken":4864,"minecraft:walk_one_cm":278022,"minecraft:drop":2,"minecraft:damage_dealt":5064,"minecraft:swim_one_cm":44512,"minecraft:fly_one_cm":297617,"minecraft:open_chest":6,"minecraft:crouch_one_cm":5385,"minecraft:play_time":56240,"minecraft:deaths":13,"minecraft:sneak_time":1352,"minecraft:walk_under_water_one_cm":18853,"minecraft:boat_one_cm":50535,"minecraft:jump":1377,"minecraft:walk_on_water_one_cm":19650,"minecraft:total_world_time":56240,"minecraft:fall_one_cm":19506},"minecraft:mined":{"minecraft:spruce_planks":2,"biomesoplenty:desert_grass":2,"minecraft:powder_snow":14,"minecraft:crafting_table":2,"minecraft:grass_block":2,"minecraft:spruce_leaves":5,"biomesoplenty:dead_grass":4,"minecraft:birch_planks":1,"minecraft:fire":1,"minecraft:ice":1,"minecraft:spruce_log":14,"minecraft:coal_ore":12,"minecraft:oak_log":8,"minecraft:packed_ice":12,"minecraft:stone":19,"minecraft:fern":1},"minecraft:picked_up":{"minecraft:crafting_table":2,"minecraft:golden_carrot":20,"minecraft:birch_planks":1,"minecraft:oak_log":8,"minecraft:shield":1,"minecraft:dirt":1,"minecraft:white_banner":2,"minecraft:iron_leggings":1,"takesapillage:ravager_horn":2,"minecraft:diamond_leggings":1,"minecraft:spruce_planks":2,"minecraft:oak_boat":2,"minecraft:diamond_helmet":1,"minecraft:glass_bottle":1,"minecraft:iron_sword":1,"sophisticatedbackpacks:iron_backpack":1,"minecraft:spruce_log":14,"minecraft:arrow":7,"minecraft:rotten_flesh":6,"minecraft:diamond_chestplate":1,"minecraft:diamond_boots":1,"minecraft:diamond_axe":1,"minecraft:totem_of_undying":1,"minecraft:emerald":6,"minecraft:mutton":6,"minecraft:coal":12,"minecraft:white_wool":4,"minecraft:cobblestone":19},"minecraft:broken":{"takesapillage:ravager_horn":1},"minecraft:killed_by":{"minecraft:player":3},"minecraft:killed":{"minecraft:evoker":1,"minecraft:vex":2,"takesapillage:legioner":1,"takesapillage:skirmisher":1,"minecraft:vindicator":2,"minecraft:ravager":2,"minecraft:sheep":4,"minecraft:pillager":3,"minecraft:zombie":2,"takesapillage:archer":2},"minecraft:dropped":{"alexsmobs:animal_dictionary":1,"minecraft:arrow":2},"minecraft:used":{"minecraft:stone_sword":100,"minecraft:birch_planks":1,"minecraft:oak_planks":4,"minecraft:spruce_planks":17,"minecraft:wooden_pickaxe":31,"minecraft:rotten_flesh":3,"minecraft:dirt":1,"minecraft:mutton":2,"minecraft:crafting_table":3,"minecraft:stone_axe":21,"minecraft:golden_carrot":11,"minecraft:oak_boat":3,"takesapillage:ravager_horn":1},"minecraft:crafted":{"minecraft:wooden_sword":1,"minecraft:oak_planks":32,"minecraft:crafting_table":2,"minecraft:spruce_planks":56,"minecraft:wooden_pickaxe":1,"minecraft:furnace":1,"minecraft:stone_axe":1,"minecraft:oak_boat":2,"minecraft:stick":12,"minecraft:stone_pickaxe":1,"minecraft:stone_sword":1}},"DataVersion":3465}