{"stats":{"minecraft:killed":{"alexsmobs:lobster":1,"minecraft:evoker":1,"minecraft:vex":3,"minecraft:witch":1,"takesapillage:legioner":1,"minecraft:spider":2,"minecraft:vindicator":3,"minecraft:phantom":1,"minecraft:skeleton":2,"minecraft:drowned":1,"minecraft:pig":1,"takesapillage:skirmisher":2,"minecraft:iron_golem":2,"minecraft:ravager":3,"alexsmobs:crimson_mosquito":1,"minecraft:sheep":5,"minecraft:pillager":15,"minecraft:zombie":3,"takesapillage:archer":3},"minecraft:picked_up":{"minecraft:crafting_table":3,"minecraft:allium":22,"minecraft:stone_slab":1,"biomesoplenty:flesh":61,"minecraft:gold_block":1,"minecraft:shield":1,"minecraft:raw_copper":38,"minecraft:iron_leggings":1,"takesapillage:ravager_horn":3,"minecraft:blackstone":1,"minecraft:diamond_leggings":1,"minecraft:stripped_warped_stem":1,"minecraft:spruce_planks":2,"minecraft:oak_boat":2,"minecraft:poppy":2,"minecraft:chest":7,"minecraft:phantom_membrane":1,"minecraft:furnace":1,"minecraft:sandstone":1,"minecraft:stone":1,"minecraft:torch":2,"minecraft:fire_charge":1,"minecraft:porkchop":4,"minecraft:polished_blackstone_bricks":4,"minecraft:diorite":27,"minecraft:warped_planks":14,"minecraft:carrot":22,"minecraft:redstone":1,"minecraft:arrow":10,"minecraft:diamond_chestplate":1,"minecraft:rotten_flesh":7,"minecraft:beetroot_seeds":12,"farmersdelight:onion":11,"minecraft:diamond_boots":1,"minecraft:warped_sign":11,"minecraft:totem_of_undying":1,"minecraft:mutton":8,"alexsmobs:lobster_tail":1,"minecraft:white_wool":5,"minecraft:cobblestone":489,"minecraft:feather":2,"minecraft:golden_carrot":21,"minecraft:water_bucket":1,"minecraft:andesite":64,"minecraft:filled_map":1,"minecraft:birch_planks":1,"minecraft:oak_log":8,"minecraft:dirt":757,"minecraft:white_banner":5,"minecraft:bone":1,"minecraft:wheat_seeds":23,"minecraft:warped_stem":69,"minecraft:iron_ingot":24,"minecraft:diamond_helmet":1,"minecraft:glass_bottle":1,"minecraft:glowstone_dust":4,"minecraft:iron_sword":1,"sophisticatedbackpacks:diamond_backpack":1,"minecraft:pumpkin":2,"minecraft:warped_wart_block":1,"minecraft:quartz":20,"minecraft:poisonous_potato":5,"minecraft:sand":41,"sophisticatedbackpacks:iron_backpack":1,"minecraft:grass_block":1,"minecraft:white_bed":7,"minecraft:spruce_log":19,"minecraft:spruce_boat":6,"minecraft:crossbow":1,"minecraft:diamond_axe":1,"minecraft:emerald":9,"minecraft:warped_roots":8,"minecraft:netherrack":371,"minecraft:coal":41,"minecraft:hopper":3,"minecraft:ender_pearl":1},"minecraft:dropped":{"minecraft:warped_stem":5,"minecraft:wheat_seeds":22,"minecraft:warped_roots":2,"minecraft:dirt":1,"minecraft:torch":1,"alexsmobs:animal_dictionary":1,"minecraft:filled_map":1,"minecraft:stone":1,"minecraft:sandstone":1,"minecraft:arrow":4,"biomesoplenty:flesh":2},"minecraft:used":{"minecraft:stone_sword":133,"minecraft:stripped_warped_stem":1,"minecraft:chest":7,"minecraft:spruce_planks":17,"minecraft:rotten_flesh":6,"minecraft:netherrack":182,"minecraft:torch":7,"minecraft:dirt":477,"minecraft:mutton":2,"minecraft:hopper":3,"minecraft:carrot":24,"minecraft:wooden_axe":1,"minecraft:spruce_boat":6,"alexsmobs:lobster_tail":1,"minecraft:totem_of_undying":1,"minecraft:golden_carrot":20,"minecraft:potato":40,"biomesoplenty:flesh":33,"minecraft:cooked_mutton":4,"minecraft:water_bucket":69,"minecraft:warped_stem":1,"minecraft:birch_planks":1,"minecraft:baked_potato":8,"minecraft:oak_planks":4,"minecraft:wooden_pickaxe":31,"minecraft:diamond_axe":249,"minecraft:warped_roots":1,"farmersdelight:onion":10,"minecraft:crafting_table":5,"minecraft:white_bed":7,"minecraft:warped_planks":10,"minecraft:diamond_pickaxe":1386,"minecraft:apple":14,"minecraft:diamond_shovel":973,"minecraft:stone_slab":45,"minecraft:stone_axe":21,"minecraft:fire_charge":1,"minecraft:cobblestone":205,"minecraft:porkchop":2,"minecraft:bucket":69,"minecraft:oak_boat":3,"takesapillage:ravager_horn":2},"minecraft:broken":{"minecraft:diamond_chestplate":1,"minecraft:diamond_helmet":1,"minecraft:stone_sword":1,"minecraft:diamond_leggings":1,"takesapillage:ravager_horn":2,"minecraft:diamond_boots":1},"minecraft:custom":{"minecraft:mob_kills":54,"minecraft:interact_with_crafting_table":21,"minecraft:leave_game":9,"minecraft:time_since_death":9853,"minecraft:climb_one_cm":10816,"minecraft:sprint_one_cm":584871,"minecraft:walk_one_cm":1420076,"minecraft:drop":18,"minecraft:talked_to_villager":2,"minecraft:raid_win":1,"minecraft:play_time":301003,"minecraft:sneak_time":12485,"minecraft:deaths":35,"minecraft:walk_under_water_one_cm":51183,"minecraft:boat_one_cm":130725,"minecraft:jump":6046,"minecraft:interact_with_blast_furnace":1,"minecraft:walk_on_water_one_cm":72983,"minecraft:total_world_time":301003,"minecraft:interact_with_furnace":54,"minecraft:raid_trigger":1,"minecraft:interact_with_stonecutter":3,"minecraft:sleep_in_bed":9,"minecraft:time_since_rest":9876,"minecraft:waystone_activated":1,"minecraft:damage_absorbed":80,"minecraft:damage_taken":19733,"minecraft:damage_dealt":14451,"minecraft:swim_one_cm":84425,"minecraft:fly_one_cm":1073766,"minecraft:player_kills":1,"minecraft:open_chest":95,"minecraft:crouch_one_cm":51172,"minecraft:fall_one_cm":124797},"minecraft:killed_by":{"minecraft:player":3,"minecraft:iron_golem":1},"minecraft:crafted":{"minecraft:wooden_sword":1,"minecraft:oak_planks":32,"minecraft:furnace":1,"minecraft:stone":35,"minecraft:warped_planks":256,"minecraft:hopper":3,"minecraft:stone_pickaxe":1,"minecraft:chest":10,"minecraft:spruce_boat":1,"minecraft:crafting_table":4,"minecraft:spruce_planks":76,"minecraft:wooden_pickaxe":1,"minecraft:baked_potato":8,"minecraft:stone_axe":1,"minecraft:air":0,"minecraft:oak_boat":2,"minecraft:warped_sign":15,"minecraft:stick":96,"minecraft:stone_slab":66,"minecraft:wooden_axe":1,"minecraft:stone_sword":1,"minecraft:torch":8},"minecraft:mined":{"minecraft:spruce_planks":2,"minecraft:white_bed":7,"biomesoplenty:desert_grass":2,"minecraft:granite":11,"biomesoplenty:bush":3,"minecraft:grass_block":508,"minecraft:spruce_leaves":12,"biomesoplenty:dead_grass":4,"minecraft:sandstone":1,"biomesoplenty:blackstone_bulb":1,"minecraft:large_fern":1,"farmersdelight:wild_onions":12,"minecraft:spruce_sapling":1,"minecraft:glowstone":1,"minecraft:furnace":1,"minecraft:carrots":7,"minecraft:nether_sprouts":1,"minecraft:iron_ore":1,"minecraft:fire":59,"minecraft:andesite":103,"minecraft:pumpkin":8,"biomesoplenty:flesh":67,"minecraft:gold_block":1,"minecraft:warped_stem":72,"minecraft:packed_ice":12,"minecraft:stone":763,"minecraft:blackstone":1,"minecraft:twisting_vines_plant":1,"minecraft:powder_snow":14,"minecraft:crafting_table":4,"minecraft:torch":2,"minecraft:chest":1,"minecraft:stone_slab":1,"biomesoplenty:high_grass_plant":5,"minecraft:tall_grass":1,"minecraft:nether_quartz_ore":23,"minecraft:copper_ore":7,"minecraft:cobblestone":3,"biomesoplenty:huge_clover_petal":2,"minecraft:diorite":27,"minecraft:wall_torch":1,"minecraft:warped_wart_block":1,"farmersdelight:wild_beetroots":13,"minecraft:birch_planks":1,"minecraft:warped_nylium":3,"farmersdelight:sandy_shrub":2,"minecraft:coarse_dirt":1,"minecraft:warped_planks":16,"minecraft:ice":1,"minecraft:spruce_log":19,"minecraft:birch_leaves":1,"minecraft:grass":24,"minecraft:oak_log":8,"minecraft:coal_ore":34,"minecraft:gravel":6,"minecraft:dirt":454,"minecraft:netherrack":428,"minecraft:oak_leaves":5,"minecraft:fern":1}},"DataVersion":3465}