{"stats":{"minecraft:mined":{"minecraft:birch_planks":1,"minecraft:spruce_planks":2,"minecraft:ice":1,"minecraft:spruce_log":14,"minecraft:grass_block":2,"minecraft:coal_ore":12,"minecraft:packed_ice":12,"minecraft:spruce_leaves":5,"minecraft:stone":19,"minecraft:fern":1},"minecraft:custom":{"minecraft:time_since_rest":4712,"minecraft:sprint_one_cm":97848,"minecraft:damage_taken":1751,"minecraft:walk_one_cm":162790,"minecraft:mob_kills":3,"minecraft:drop":1,"minecraft:damage_dealt":750,"minecraft:swim_one_cm":30237,"minecraft:interact_with_crafting_table":3,"minecraft:fly_one_cm":194883,"minecraft:crouch_one_cm":5032,"minecraft:play_time":32399,"minecraft:deaths":6,"minecraft:sneak_time":1257,"minecraft:walk_under_water_one_cm":8499,"minecraft:jump":845,"minecraft:walk_on_water_one_cm":13048,"minecraft:time_since_death":4688,"minecraft:total_world_time":32399,"minecraft:fall_one_cm":15073},"minecraft:picked_up":{"minecraft:birch_planks":1,"sophisticatedbackpacks:iron_backpack":1,"minecraft:spruce_log":14,"minecraft:dirt":1,"minecraft:iron_leggings":1,"minecraft:rotten_flesh":3,"minecraft:spruce_planks":2,"minecraft:mutton":2,"minecraft:coal":12,"minecraft:white_wool":1,"minecraft:cobblestone":19},"minecraft:killed":{"minecraft:sheep":1,"minecraft:zombie":2},"minecraft:dropped":{"alexsmobs:animal_dictionary":1},"minecraft:used":{"minecraft:birch_planks":1,"minecraft:spruce_planks":6,"minecraft:wooden_pickaxe":31,"minecraft:rotten_flesh":3,"minecraft:stone_axe":11,"minecraft:dirt":1,"minecraft:mutton":2,"minecraft:crafting_table":1},"minecraft:crafted":{"minecraft:wooden_sword":1,"minecraft:crafting_table":1,"minecraft:spruce_planks":56,"minecraft:stick":12,"minecraft:wooden_pickaxe":1,"minecraft:stone_pickaxe":1,"minecraft:stone_sword":1,"minecraft:furnace":1,"minecraft:stone_axe":1}},"DataVersion":3465}