{"stats":{"minecraft:custom":{"minecraft:mob_kills":29,"minecraft:interact_with_crafting_table":6,"minecraft:leave_game":1,"minecraft:time_since_death":2904,"minecraft:climb_one_cm":2383,"minecraft:time_since_rest":2925,"minecraft:sprint_one_cm":255511,"minecraft:damage_taken":7665,"minecraft:walk_one_cm":449259,"minecraft:drop":6,"minecraft:damage_dealt":7473,"minecraft:swim_one_cm":52587,"minecraft:fly_one_cm":501390,"minecraft:player_kills":1,"minecraft:raid_win":1,"minecraft:open_chest":30,"minecraft:crouch_one_cm":7825,"minecraft:play_time":92240,"minecraft:deaths":17,"minecraft:sneak_time":1942,"minecraft:walk_under_water_one_cm":23962,"minecraft:boat_one_cm":50535,"minecraft:jump":2421,"minecraft:walk_on_water_one_cm":24051,"minecraft:total_world_time":92240,"minecraft:fall_one_cm":50168},"minecraft:mined":{"minecraft:spruce_planks":2,"biomesoplenty:desert_grass":2,"minecraft:powder_snow":14,"minecraft:crafting_table":2,"minecraft:grass_block":2,"minecraft:spruce_leaves":5,"biomesoplenty:huge_clover_petal":2,"biomesoplenty:dead_grass":4,"minecraft:birch_planks":1,"minecraft:fire":27,"minecraft:ice":1,"minecraft:spruce_log":14,"biomesoplenty:flesh":40,"minecraft:coal_ore":12,"minecraft:oak_log":8,"minecraft:packed_ice":12,"minecraft:stone":19,"minecraft:fern":1},"minecraft:picked_up":{"minecraft:crafting_table":2,"minecraft:golden_carrot":20,"biomesoplenty:flesh":35,"minecraft:birch_planks":1,"minecraft:oak_log":8,"minecraft:shield":1,"minecraft:dirt":1,"minecraft:white_banner":3,"minecraft:iron_leggings":1,"takesapillage:ravager_horn":3,"minecraft:diamond_leggings":1,"minecraft:spruce_planks":2,"minecraft:iron_ingot":9,"minecraft:oak_boat":2,"minecraft:poppy":2,"minecraft:diamond_helmet":1,"minecraft:glass_bottle":1,"minecraft:iron_sword":1,"minecraft:fire_charge":1,"sophisticatedbackpacks:iron_backpack":1,"minecraft:spruce_log":14,"minecraft:redstone":1,"minecraft:arrow":7,"minecraft:rotten_flesh":6,"minecraft:diamond_chestplate":1,"minecraft:diamond_boots":1,"minecraft:diamond_axe":1,"minecraft:warped_roots":3,"minecraft:totem_of_undying":1,"minecraft:emerald":8,"minecraft:mutton":8,"minecraft:coal":12,"minecraft:white_wool":5,"minecraft:cobblestone":19},"minecraft:broken":{"minecraft:diamond_helmet":1,"minecraft:stone_sword":1,"takesapillage:ravager_horn":2},"minecraft:killed_by":{"minecraft:player":3},"minecraft:killed":{"minecraft:evoker":1,"minecraft:vex":3,"minecraft:witch":1,"takesapillage:legioner":1,"takesapillage:skirmisher":2,"minecraft:vindicator":3,"minecraft:ravager":3,"minecraft:sheep":5,"minecraft:pillager":3,"minecraft:zombie":2,"takesapillage:archer":3},"minecraft:dropped":{"alexsmobs:animal_dictionary":1,"minecraft:warped_roots":2,"minecraft:arrow":2,"biomesoplenty:flesh":2},"minecraft:used":{"minecraft:stone_sword":133,"minecraft:birch_planks":1,"minecraft:oak_planks":4,"minecraft:spruce_planks":17,"minecraft:wooden_pickaxe":31,"minecraft:diamond_axe":16,"minecraft:rotten_flesh":6,"minecraft:warped_roots":1,"minecraft:dirt":1,"minecraft:mutton":2,"minecraft:crafting_table":3,"minecraft:apple":14,"minecraft:stone_axe":21,"minecraft:fire_charge":1,"minecraft:golden_carrot":20,"minecraft:oak_boat":3,"takesapillage:ravager_horn":2,"biomesoplenty:flesh":33},"minecraft:crafted":{"minecraft:wooden_sword":1,"minecraft:oak_planks":32,"minecraft:crafting_table":2,"minecraft:spruce_planks":56,"minecraft:wooden_pickaxe":1,"minecraft:furnace":1,"minecraft:stone_axe":1,"minecraft:oak_boat":2,"minecraft:stick":12,"minecraft:stone_pickaxe":1,"minecraft:stone_sword":1}},"DataVersion":3465}