{"stats":{"minecraft:used":{"minecraft:warped_stem":1,"minecraft:stone_sword":133,"minecraft:birch_planks":1,"minecraft:baked_potato":8,"minecraft:oak_planks":4,"minecraft:stripped_warped_stem":1,"minecraft:spruce_planks":17,"minecraft:wooden_pickaxe":31,"minecraft:diamond_axe":151,"minecraft:rotten_flesh":6,"minecraft:netherrack":169,"minecraft:warped_roots":1,"minecraft:dirt":68,"minecraft:mutton":2,"minecraft:crafting_table":4,"minecraft:diamond_pickaxe":450,"minecraft:apple":14,"minecraft:diamond_shovel":4,"minecraft:stone_axe":21,"minecraft:fire_charge":1,"minecraft:golden_carrot":20,"minecraft:oak_boat":3,"minecraft:potato":40,"takesapillage:ravager_horn":2,"biomesoplenty:flesh":33},"minecraft:custom":{"minecraft:interact_with_furnace":16,"minecraft:mob_kills":38,"minecraft:interact_with_crafting_table":9,"minecraft:leave_game":2,"minecraft:time_since_death":9635,"minecraft:climb_one_cm":10244,"minecraft:time_since_rest":9664,"minecraft:sprint_one_cm":340399,"minecraft:damage_taken":9154,"minecraft:walk_one_cm":726046,"minecraft:drop":11,"minecraft:damage_dealt":10003,"minecraft:swim_one_cm":56735,"minecraft:fly_one_cm":650895,"minecraft:player_kills":1,"minecraft:raid_win":1,"minecraft:open_chest":42,"minecraft:crouch_one_cm":26229,"minecraft:play_time":145807,"minecraft:deaths":20,"minecraft:sneak_time":6377,"minecraft:walk_under_water_one_cm":26794,"minecraft:boat_one_cm":50535,"minecraft:jump":3627,"minecraft:walk_on_water_one_cm":26187,"minecraft:total_world_time":145807,"minecraft:fall_one_cm":74853},"minecraft:broken":{"minecraft:diamond_helmet":1,"minecraft:stone_sword":1,"takesapillage:ravager_horn":2},"minecraft:killed":{"minecraft:evoker":1,"minecraft:vex":3,"minecraft:witch":1,"takesapillage:legioner":1,"takesapillage:skirmisher":2,"minecraft:vindicator":3,"minecraft:iron_golem":1,"minecraft:ravager":3,"alexsmobs:crimson_mosquito":1,"minecraft:phantom":1,"minecraft:sheep":5,"minecraft:pillager":7,"minecraft:zombie":2,"minecraft:drowned":1,"takesapillage:archer":3},"minecraft:crafted":{"minecraft:wooden_sword":1,"minecraft:oak_planks":32,"minecraft:crafting_table":3,"minecraft:spruce_planks":56,"minecraft:wooden_pickaxe":1,"minecraft:baked_potato":8,"minecraft:furnace":1,"minecraft:stone_axe":1,"minecraft:air":0,"minecraft:warped_planks":32,"minecraft:oak_boat":2,"minecraft:stick":68,"minecraft:stone_pickaxe":1,"minecraft:stone_sword":1},"minecraft:picked_up":{"minecraft:crafting_table":2,"minecraft:golden_carrot":21,"biomesoplenty:flesh":61,"minecraft:filled_map":1,"minecraft:birch_planks":1,"minecraft:gold_block":1,"minecraft:oak_log":8,"minecraft:shield":1,"minecraft:dirt":4,"minecraft:white_banner":5,"minecraft:iron_leggings":1,"takesapillage:ravager_horn":3,"minecraft:blackstone":1,"minecraft:diamond_leggings":1,"minecraft:warped_stem":69,"minecraft:stripped_warped_stem":1,"minecraft:spruce_planks":2,"minecraft:iron_ingot":14,"minecraft:oak_boat":2,"minecraft:poppy":2,"minecraft:glass_bottle":1,"minecraft:diamond_helmet":1,"minecraft:glowstone_dust":4,"minecraft:iron_sword":1,"minecraft:phantom_membrane":1,"minecraft:furnace":1,"minecraft:quartz":20,"minecraft:warped_wart_block":1,"minecraft:poisonous_potato":5,"minecraft:fire_charge":1,"sophisticatedbackpacks:iron_backpack":1,"minecraft:warped_planks":4,"minecraft:spruce_log":14,"minecraft:redstone":1,"minecraft:arrow":8,"minecraft:rotten_flesh":6,"minecraft:diamond_chestplate":1,"minecraft:diamond_boots":1,"minecraft:diamond_axe":1,"minecraft:emerald":9,"minecraft:totem_of_undying":1,"minecraft:warped_roots":8,"minecraft:netherrack":358,"minecraft:mutton":8,"minecraft:coal":12,"minecraft:white_wool":5,"minecraft:cobblestone":19},"minecraft:killed_by":{"minecraft:player":3,"minecraft:iron_golem":1},"minecraft:dropped":{"minecraft:warped_stem":5,"alexsmobs:animal_dictionary":1,"minecraft:warped_roots":2,"minecraft:arrow":2,"biomesoplenty:flesh":2},"minecraft:mined":{"minecraft:spruce_planks":2,"minecraft:blackstone":1,"minecraft:twisting_vines_plant":1,"biomesoplenty:desert_grass":2,"minecraft:powder_snow":14,"minecraft:crafting_table":3,"minecraft:torch":1,"minecraft:grass_block":2,"minecraft:nether_quartz_ore":23,"minecraft:spruce_leaves":5,"biomesoplenty:huge_clover_petal":2,"biomesoplenty:dead_grass":4,"minecraft:warped_wart_block":1,"biomesoplenty:blackstone_bulb":1,"minecraft:birch_planks":1,"minecraft:warped_nylium":3,"minecraft:spruce_sapling":1,"minecraft:glowstone":1,"minecraft:furnace":1,"minecraft:warped_planks":4,"minecraft:nether_sprouts":1,"minecraft:fire":32,"minecraft:ice":1,"minecraft:spruce_log":14,"biomesoplenty:flesh":67,"minecraft:gold_block":1,"minecraft:oak_log":8,"minecraft:coal_ore":12,"minecraft:warped_stem":72,"minecraft:dirt":3,"minecraft:packed_ice":12,"minecraft:stone":19,"minecraft:netherrack":413,"minecraft:fern":1}},"DataVersion":3465}