{"stats":{"minecraft:custom":{"minecraft:interact_with_crafting_table":73,"minecraft:bell_ring":25,"minecraft:leave_game":18,"minecraft:time_since_death":2500,"minecraft:sprint_one_cm":1525728,"minecraft:drop":153,"minecraft:talked_to_villager":46,"minecraft:play_time":821066,"minecraft:deaths":27,"minecraft:jump":16279,"minecraft:walk_on_water_one_cm":88963,"minecraft:interact_with_furnace":30,"minecraft:traded_with_villager":12,"minecraft:sleep_in_bed":28,"minecraft:damage_dealt":48494,"minecraft:player_kills":1,"minecraft:crouch_one_cm":586078,"minecraft:mob_kills":250,"minecraft:interact_with_campfire":12,"minecraft:damage_dealt_resisted":2112,"minecraft:climb_one_cm":41709,"minecraft:walk_one_cm":3018119,"minecraft:damage_dealt_absorbed":127,"minecraft:sneak_time":144389,"minecraft:walk_under_water_one_cm":63054,"minecraft:boat_one_cm":107089,"minecraft:interact_with_blast_furnace":7,"minecraft:total_world_time":821066,"minecraft:time_since_rest":2530,"minecraft:damage_taken":18327,"minecraft:swim_one_cm":84061,"minecraft:fly_one_cm":2307342,"minecraft:open_chest":375,"minecraft:fall_one_cm":449910},"minecraft:killed_by":{"minecraft:zombified_piglin":2,"minecraft:drowned":1,"rottencreatures:burned":2,"minecraft:zombie":4,"rottencreatures:undead_miner":1,"minecraft:player":5,"minecraft:iron_golem":1,"naturalist:bear":2},"minecraft:used":{"minecraft:iron_shovel":25,"minecraft:chest":11,"minecraft:iron_sword":248,"minecraft:rotten_flesh":78,"minecraft:spruce_leaves":1,"minecraft:mutton":1,"minecraft:lily_of_the_valley":8,"minecraft:carrot":1,"minecraft:snowball":3,"minecraft:azure_bluet":1,"minecraft:milk_bucket":10,"minecraft:spruce_boat":6,"farmersdelight:tomato_sauce":14,"minecraft:magma_block":1,"minecraft:bow":3,"minecraft:sweet_berries":1011,"minecraft:oak_sapling":1,"minecraft:egg":14,"minecraft:potato":24,"bunker_down:steel_vent":1,"minecraft:leather_leggings":1,"minecraft:stone_pickaxe":965,"minecraft:oak_planks":315,"minecraft:wooden_pickaxe":19,"biomesoplenty:fir_planks":16,"minecraft:blue_bed":7,"minecraft:sugar_cane":2,"minecraft:sand":4,"minecraft:blast_furnace":1,"minecraft:shears":60,"minecraft:bread":6,"minecraft:gravel":15,"minecraft:lilac":1,"minecraft:grindstone":5,"minecraft:oak_fence":6,"marbledsarsenal:baseball_bat":424,"minecraft:stone_sword":392,"farmersdelight:diamond_knife":18,"minecraft:stone_shovel":1303,"minecraft:spruce_planks":29,"minecraft:stone_hoe":5,"minecraft:cooked_chicken":2,"minecraft:stick":8,"minecraft:torch":52,"minecraft:dirt":847,"minecraft:cobblestone_wall":147,"minecraft:oak_fence_gate":2,"minecraft:granite":1,"minecraft:oak_stairs":292,"marbledsarsenal:katana":2,"minecraft:beef":13,"minecraft:cooked_beef":4,"farmersdelight:tomato_seeds":1,"minecraft:cobbled_deepslate":6,"minecraft:light_gray_bed":10,"farmersdelight:fried_egg":2,"biomesoplenty:maple_leaves":40,"minecraft:glass_bottle":21,"minecraft:cobblestone_slab":72,"minecraft:spruce_fence_gate":1,"minecraft:mossy_cobblestone":4,"minecraft:oak_slab":6,"minecraft:crafting_table":4,"minecraft:spruce_log":2,"minecraft:oak_log":130,"minecraft:piston":6,"minecraft:spruce_trapdoor":10,"biomesoplenty:toadstool":4,"minecraft:stone_axe":901,"farmersdelight:cooked_bacon":31,"minecraft:potion":43,"minecraft:cobblestone":430,"minecraft:purple_bed":3,"minecraft:porkchop":2,"minecraft:cooked_porkchop":1,"minecraft:glass_pane":12,"minecraft:yellow_bed":7},"minecraft:killed":{"minecraft:zombified_piglin":43,"rottencreatures:burned":1,"minecraft:zombie_horse":5,"minecraft:cat":3,"minecraft:pig":1,"minecraft:zombie_villager":4,"minecraft:trader_llama":1,"minecraft:zombie":72,"minecraft:cow":9,"hordes:zombie_player":2,"minecraft:drowned":21,"rottencreatures:undead_miner":3,"minecraft:husk":94,"naturalist:bear":2,"hamsters:hamster":1},"minecraft:picked_up":{"minecraft:iron_chestplate":2,"minecraft:wheat":2,"cold_sweat:fur_cap":2,"minecraft:lead":6,"minecraft:oak_stairs":37,"minecraft:potion":17,"biomesoplenty:maple_leaves":55,"minecraft:golden_sword":1,"minecraft:string":5,"minecraft:raw_copper":24,"minecraft:armor_stand":2,"minecraft:gold_nugget":22,"minecraft:cobbled_deepslate":6,"minecraft:bucket":1,"minecraft:spruce_planks":8,"minecraft:red_dye":2,"minecraft:rose_bush":14,"minecraft:cobblestone_slab":13,"minecraft:stick":44,"minecraft:oak_fence":1,"minecraft:torch":62,"minecraft:stone_sword":4,"farmersdelight:fried_egg":2,"minecraft:rotten_flesh":269,"minecraft:light_gray_bed":12,"minecraft:cobblestone":913,"minecraft:cooked_beef":5,"cold_sweat:fur_pants":5,"minecraft:magma_block":2,"taccraft:flak_vest_helmet":4,"minecraft:feather":1,"minecraft:lilac":3,"taccraft:nylon_stripe":4,"bunker_down:steel_vent":1,"minecraft:potato":11,"biomesoplenty:fir_sapling":1,"biomesoplenty:fir_log":52,"minecraft:flint":1,"farmersdelight:cooked_bacon":13,"farmersdelight:tomato":2,"minecraft:dirt":1773,"minecraft:bone":8,"minecraft:bow":1,"minecraft:wheat_seeds":41,"minecraft:grindstone":5,"minecraft:stone_hoe":2,"minecraft:oak_planks":46,"biomesoplenty:toadstool":4,"minecraft:cooked_porkchop":4,"minecraft:sand":22,"minecraft:lily_of_the_valley":10,"minecraft:mossy_cobblestone":2,"minecraft:spruce_fence_gate":1,"minecraft:spruce_boat":7,"minecraft:granite":1,"minecraft:spruce_sign":1,"minecraft:oak_sapling":6,"rottencreatures:magma_rotten_flesh":2,"minecraft:spruce_leaves":1,"minecraft:crafting_table":6,"minecraft:azure_bluet":5,"minecraft:chicken":2,"minecraft:leather_leggings":1,"minecraft:wooden_pickaxe":3,"farmersdelight:tomato_sauce":10,"marbledsapi:steel_sheet":1,"marbledsarsenal:baseball_bat":6,"farmersdelight:diamond_knife":1,"minecraft:iron_shovel":2,"minecraft:beef":25,"minecraft:iron_nugget":3,"minecraft:poppy":5,"minecraft:sugar_cane":2,"minecraft:chest":2,"crittersandcompanions:clam":26,"minecraft:piston":6,"minecraft:spruce_trapdoor":10,"minecraft:phantom_membrane":1,"minecraft:egg":32,"minecraft:raw_iron":6,"farmersdelight:minced_beef":1,"minecraft:copper_ingot":1,"sophisticatedbackpacks:backpack":2,"farmersdelight:tomato_seeds":1,"marbledsarsenal:katana":1,"minecraft:carrot":1,"minecraft:redstone":3,"minecraft:arrow":10,"minecraft:stone_shovel":10,"sophisticatedbackpacks:copper_backpack":1,"minecraft:mutton":1,"minecraft:white_wool":1,"minecraft:stripped_oak_log":3,"minecraft:salmon":1,"minecraft:leather":11,"minecraft:oak_log":553,"minecraft:gunpowder":8,"minecraft:yellow_bed":7,"minecraft:cobblestone_wall":27,"minecraft:blue_bed":7,"minecraft:apple":2,"minecraft:kelp":66,"farmersdelight:apple_cider":2,"minecraft:iron_ingot":8,"minecraft:stone_pickaxe":5,"minecraft:glass_bottle":13,"minecraft:iron_sword":1,"minecraft:milk_bucket":2,"minecraft:pumpkin":4,"minecraft:sweet_berries":954,"minecraft:dandelion":3,"minecraft:gravel":34,"minecraft:spruce_sapling":4,"minecraft:blast_furnace":1,"minecraft:spruce_log":102,"biomesoplenty:flowering_oak_sapling":1,"biomesoplenty:maple_sapling":10,"minecraft:purple_bed":4,"minecraft:stone_axe":7,"minecraft:iron_helmet":1,"minecraft:coal":64,"minecraft:ender_pearl":1},"minecraft:crafted":{"minecraft:oak_planks":764,"minecraft:cobblestone_slab":78,"minecraft:cooked_chicken":2,"minecraft:glass":8,"farmersdelight:tomato_sauce":3,"minecraft:chest":9,"minecraft:stone_hoe":3,"minecraft:oak_fence":9,"minecraft:oak_slab":12,"minecraft:emerald":12,"minecraft:crafting_table":1,"minecraft:spruce_planks":60,"minecraft:wooden_pickaxe":1,"biomesoplenty:fir_planks":208,"minecraft:stick":456,"minecraft:iron_ingot":1,"minecraft:stone_sword":4,"minecraft:shears":1,"minecraft:stone_shovel":7,"farmersdelight:cooked_rice":1,"minecraft:furnace":1,"minecraft:glass_pane":16,"minecraft:stone_pickaxe":10,"minecraft:cobblestone_wall":186,"minecraft:bowl":4,"minecraft:bucket":1,"minecraft:stone_axe":8,"minecraft:air":0,"minecraft:oak_fence_gate":2,"minecraft:potion":3,"minecraft:oak_stairs":256,"minecraft:torch":12},"minecraft:mined":{"minecraft:spruce_planks":3,"minecraft:spruce_trapdoor":10,"minecraft:granite":1,"minecraft:grass_block":486,"biomesoplenty:flowering_oak_leaves":4,"minecraft:light_gray_bed":4,"minecraft:tall_seagrass":1,"minecraft:iron_ore":3,"minecraft:cobbled_deepslate":4,"minecraft:fire":1,"minecraft:pumpkin":4,"supplementaries:stick":4,"minecraft:dirt_path":40,"minecraft:oak_stairs":37,"minecraft:kelp_plant":14,"minecraft:torch":23,"minecraft:blast_furnace":1,"minecraft:chest":2,"minecraft:cobblestone":370,"minecraft:sugar_cane":2,"minecraft:grindstone":5,"minecraft:oak_planks":34,"minecraft:wall_torch":12,"minecraft:seagrass":2,"minecraft:wheat":1,"minecraft:lilac":2,"biomesoplenty:maple_leaves":110,"biomesoplenty:fir_log":54,"minecraft:grass":49,"minecraft:oak_log":494,"minecraft:sand":1,"minecraft:dirt":843,"minecraft:oak_leaves":19,"biomesoplenty:reed":20,"biomesoplenty:bush":19,"minecraft:spruce_leaves":13,"minecraft:kelp":25,"biomesoplenty:toadstool":4,"minecraft:cobblestone_slab":12,"minecraft:stripped_oak_log":3,"minecraft:stone":451,"minecraft:glass_pane":1,"minecraft:crafting_table":5,"minecraft:tall_grass":3,"minecraft:copper_ore":8,"biomesoplenty:sprout":15,"minecraft:blue_bed":7,"minecraft:purple_bed":5,"minecraft:cobblestone_wall":29,"minecraft:sweet_berry_bush":97,"minecraft:ice":3,"minecraft:spruce_log":63,"minecraft:yellow_bed":7,"minecraft:coal_ore":54,"biomesoplenty:fir_leaves":21,"minecraft:sunflower":2,"minecraft:gravel":15,"minecraft:fern":15},"minecraft:dropped":{"crittersandcompanions:clam":5,"minecraft:oak_log":239,"minecraft:glass_bottle":3,"minecraft:crafting_table":2,"minecraft:cooked_porkchop":3,"farmersdelight:cooked_bacon":27,"minecraft:leather":2,"marbledsapi:steel_sheet":1,"minecraft:flint":1,"minecraft:dirt":4,"minecraft:gold_nugget":18,"minecraft:sand":1,"marbledsarsenal:baseball_bat":3,"taccraft:flak_vest_helmet":1,"minecraft:bone":2,"minecraft:gravel":7,"minecraft:stone_axe":2,"minecraft:rotten_flesh":30,"minecraft:oak_planks":12,"minecraft:azure_bluet":1,"minecraft:salmon":1,"minecraft:beef":2,"cold_sweat:fur_pants":1,"minecraft:egg":2,"minecraft:stone_hoe":2,"minecraft:iron_ingot":3,"minecraft:wheat_seeds":18,"minecraft:feather":1,"minecraft:iron_helmet":1,"minecraft:cobblestone":73,"minecraft:coal":6,"minecraft:stick":1,"minecraft:milk_bucket":1,"minecraft:torch":6,"minecraft:wooden_axe":1,"minecraft:potion":10,"bunker_down:brittle_pickaxe":1,"minecraft:iron_shovel":1,"minecraft:bucket":3,"minecraft:spruce_sapling":1,"minecraft:kelp":64,"minecraft:sweet_berries":1,"flashlight:flashlight":1,"minecraft:stone_sword":2,"minecraft:cobblestone_wall":2,"minecraft:stone_shovel":3,"minecraft:chicken":2,"cold_sweat:fur_cap":1,"minecraft:cobblestone_slab":1,"minecraft:spruce_planks":41,"flashlight:smallredstonebattery":1,"minecraft:iron_chestplate":1,"farmersdelight:minced_beef":1,"minecraft:golden_sword":1,"minecraft:spruce_log":63,"sophisticatedbackpacks:copper_backpack":1,"minecraft:stone_pickaxe":2,"minecraft:wooden_pickaxe":1,"farmersdelight:apple_cider":1,"farmersdelight:tomato":1},"minecraft:broken":{"minecraft:leather_leggings":1,"minecraft:stone_pickaxe":5,"minecraft:stone_axe":6,"minecraft:iron_sword":1,"minecraft:stone_shovel":9,"minecraft:stone_sword":2}},"DataVersion":3120}