{"stats":{"minecraft:mined":{"minecraft:spruce_planks":3,"minecraft:spruce_trapdoor":10,"biomesoplenty:bush":19,"minecraft:grass_block":704,"biomesoplenty:flowering_oak_leaves":4,"minecraft:light_gray_bed":5,"minecraft:spruce_leaves":7,"minecraft:kelp":25,"minecraft:tall_seagrass":1,"biomesoplenty:toadstool":4,"minecraft:iron_ore":3,"minecraft:fire":1,"minecraft:cobbled_deepslate":4,"minecraft:snow":8,"minecraft:potatoes":78,"supplementaries:stick":5,"minecraft:dirt_path":40,"minecraft:cobblestone_slab":12,"minecraft:oak_stairs":37,"minecraft:stripped_oak_log":3,"minecraft:stone":499,"minecraft:glass_pane":1,"minecraft:kelp_plant":14,"minecraft:crafting_table":5,"minecraft:torch":13,"minecraft:blast_furnace":1,"minecraft:chest":2,"minecraft:tall_grass":3,"minecraft:cobblestone":365,"biomesoplenty:sprout":16,"minecraft:grindstone":5,"minecraft:oak_planks":34,"minecraft:blue_bed":6,"minecraft:wall_torch":8,"minecraft:seagrass":2,"minecraft:purple_bed":2,"minecraft:cobblestone_wall":29,"minecraft:wheat":1,"minecraft:sweet_berry_bush":87,"minecraft:spruce_log":206,"minecraft:lilac":2,"biomesoplenty:maple_sapling":2,"biomesoplenty:maple_leaves":125,"biomesoplenty:fir_log":54,"minecraft:grass":49,"minecraft:coal_ore":39,"minecraft:oak_log":542,"biomesoplenty:fir_leaves":21,"minecraft:gravel":20,"minecraft:dirt":1352,"minecraft:sand":1,"minecraft:sunflower":2,"minecraft:oak_leaves":41,"biomesoplenty:reed":20,"minecraft:fern":13},"minecraft:used":{"minecraft:oak_fence":6,"marbledsarsenal:baseball_bat":424,"farmersdelight:diamond_knife":18,"minecraft:stone_sword":230,"minecraft:iron_shovel":25,"minecraft:stone_shovel":2055,"minecraft:chest":13,"minecraft:spruce_planks":29,"minecraft:iron_sword":248,"minecraft:cooked_chicken":2,"minecraft:rotten_flesh":74,"minecraft:stone_hoe":1,"minecraft:stick":10,"minecraft:spruce_leaves":1,"minecraft:torch":34,"minecraft:dirt":628,"minecraft:mutton":1,"minecraft:lily_of_the_valley":8,"minecraft:cobblestone_wall":147,"minecraft:oak_fence_gate":2,"biomesoplenty:maple_sapling":32,"minecraft:azure_bluet":1,"minecraft:milk_bucket":1,"minecraft:spruce_boat":7,"minecraft:oak_stairs":292,"minecraft:magma_block":1,"farmersdelight:tomato_sauce":14,"minecraft:bow":3,"minecraft:beef":10,"minecraft:sweet_berries":704,"minecraft:oak_sapling":4,"minecraft:egg":16,"minecraft:potato":53,"minecraft:cooked_beef":4,"farmersdelight:tomato_seeds":1,"minecraft:cobbled_deepslate":6,"minecraft:light_gray_bed":11,"farmersdelight:fried_egg":2,"bunker_down:steel_vent":1,"biomesoplenty:maple_leaves":40,"minecraft:leather_leggings":1,"minecraft:stone_pickaxe":974,"minecraft:glass_bottle":21,"minecraft:oak_planks":315,"minecraft:wooden_pickaxe":19,"minecraft:blue_bed":6,"biomesoplenty:fir_planks":16,"minecraft:fletching_table":1,"minecraft:spruce_fence_gate":1,"minecraft:cobblestone_slab":62,"minecraft:mossy_cobblestone":4,"minecraft:sand":4,"minecraft:oak_slab":6,"minecraft:crafting_table":4,"minecraft:blast_furnace":1,"minecraft:shears":60,"minecraft:oak_log":133,"minecraft:piston":6,"minecraft:apple":1,"minecraft:bread":5,"minecraft:spruce_trapdoor":10,"minecraft:gravel":25,"minecraft:spruce_sapling":12,"biomesoplenty:toadstool":4,"minecraft:purple_bed":1,"minecraft:stone_axe":1023,"minecraft:potion":43,"farmersdelight:cooked_bacon":31,"minecraft:cobblestone":345,"minecraft:porkchop":2,"minecraft:grindstone":5,"minecraft:cooked_porkchop":1,"minecraft:glass_pane":12},"minecraft:broken":{"minecraft:stone_sword":1,"minecraft:leather_leggings":1,"minecraft:stone_pickaxe":5,"minecraft:stone_axe":7,"minecraft:iron_sword":1,"minecraft:stone_shovel":15},"minecraft:crafted":{"minecraft:oak_planks":1652,"minecraft:cobblestone_slab":60,"minecraft:stone_shovel":12,"farmersdelight:cooked_rice":1,"minecraft:cooked_chicken":2,"minecraft:furnace":1,"minecraft:glass_pane":16,"minecraft:glass":8,"minecraft:stone_pickaxe":9,"minecraft:cobblestone_wall":186,"farmersdelight:tomato_sauce":3,"minecraft:chest":11,"minecraft:stone_hoe":1,"minecraft:oak_fence":9,"minecraft:oak_slab":12,"minecraft:emerald":76,"minecraft:crafting_table":1,"minecraft:spruce_planks":332,"minecraft:wooden_pickaxe":1,"minecraft:bowl":4,"minecraft:fletching_table":1,"minecraft:bucket":1,"minecraft:stone_axe":8,"minecraft:air":0,"biomesoplenty:fir_planks":208,"minecraft:oak_fence_gate":2,"minecraft:potion":3,"minecraft:stick":2688,"minecraft:iron_ingot":1,"minecraft:oak_stairs":256,"minecraft:stone_sword":2,"minecraft:torch":12,"minecraft:shears":1},"minecraft:custom":{"minecraft:mob_kills":189,"minecraft:interact_with_crafting_table":78,"minecraft:interact_with_campfire":12,"minecraft:bell_ring":19,"minecraft:damage_dealt_resisted":1210,"minecraft:leave_game":13,"minecraft:time_since_death":43,"minecraft:climb_one_cm":41709,"minecraft:sprint_one_cm":1161168,"minecraft:walk_one_cm":2873003,"minecraft:drop":137,"minecraft:damage_dealt_absorbed":28,"minecraft:talked_to_villager":47,"minecraft:play_time":730983,"minecraft:sneak_time":135155,"minecraft:deaths":18,"minecraft:walk_under_water_one_cm":61439,"minecraft:boat_one_cm":107089,"minecraft:jump":12278,"minecraft:interact_with_blast_furnace":4,"minecraft:walk_on_water_one_cm":83423,"minecraft:total_world_time":730983,"minecraft:interact_with_furnace":29,"minecraft:traded_with_villager":76,"minecraft:sleep_in_bed":31,"minecraft:time_since_rest":46,"minecraft:damage_taken":12374,"minecraft:damage_dealt":36178,"minecraft:swim_one_cm":75271,"minecraft:fly_one_cm":1708062,"minecraft:open_chest":328,"minecraft:crouch_one_cm":582331,"minecraft:fall_one_cm":326180},"minecraft:picked_up":{"minecraft:spruce_leaves":1,"minecraft:iron_chestplate":2,"minecraft:crafting_table":6,"minecraft:wheat":2,"minecraft:azure_bluet":6,"minecraft:chicken":2,"cold_sweat:fur_cap":2,"minecraft:leather_leggings":1,"minecraft:lead":6,"minecraft:wooden_pickaxe":3,"minecraft:oak_stairs":37,"farmersdelight:tomato_sauce":10,"minecraft:potion":17,"marbledsapi:steel_sheet":1,"marbledsarsenal:baseball_bat":6,"biomesoplenty:maple_leaves":55,"farmersdelight:diamond_knife":1,"minecraft:armor_stand":2,"minecraft:iron_shovel":2,"minecraft:gold_nugget":12,"minecraft:cobbled_deepslate":6,"minecraft:spruce_planks":8,"minecraft:beef":22,"minecraft:rose_bush":14,"minecraft:cobblestone_slab":13,"minecraft:poppy":4,"minecraft:chest":2,"minecraft:spruce_trapdoor":10,"minecraft:piston":6,"crittersandcompanions:clam":23,"minecraft:egg":18,"minecraft:stick":91,"minecraft:raw_iron":8,"minecraft:copper_ingot":1,"farmersdelight:minced_beef":1,"minecraft:oak_fence":1,"minecraft:torch":37,"sophisticatedbackpacks:backpack":1,"farmersdelight:tomato_seeds":2,"minecraft:redstone":3,"minecraft:light_gray_bed":13,"minecraft:stone_sword":2,"farmersdelight:fried_egg":2,"minecraft:arrow":10,"minecraft:stone_shovel":9,"minecraft:rotten_flesh":173,"minecraft:mutton":1,"minecraft:snowball":10,"minecraft:white_wool":1,"minecraft:cobblestone":888,"minecraft:stripped_oak_log":3,"minecraft:magma_block":2,"taccraft:flak_vest_helmet":4,"minecraft:lilac":2,"minecraft:cooked_beef":5,"minecraft:feather":1,"cold_sweat:fur_pants":5,"minecraft:salmon":1,"minecraft:leather":7,"taccraft:nylon_stripe":4,"bunker_down:steel_vent":1,"minecraft:potato":218,"biomesoplenty:fir_log":52,"minecraft:flint":3,"minecraft:oak_log":545,"farmersdelight:cooked_bacon":13,"minecraft:cobblestone_wall":27,"farmersdelight:tomato":2,"minecraft:blue_bed":6,"minecraft:dirt":2080,"minecraft:apple":1,"minecraft:kelp":64,"minecraft:bow":1,"minecraft:wheat_seeds":47,"farmersdelight:apple_cider":2,"minecraft:grindstone":5,"minecraft:iron_ingot":4,"minecraft:stone_pickaxe":4,"minecraft:glass_bottle":13,"minecraft:oak_planks":46,"minecraft:iron_sword":1,"biomesoplenty:toadstool":4,"minecraft:milk_bucket":1,"minecraft:cooked_porkchop":4,"minecraft:sweet_berries":656,"minecraft:dandelion":3,"minecraft:gravel":34,"minecraft:sand":22,"minecraft:spruce_sapling":23,"minecraft:blast_furnace":1,"minecraft:spruce_log":247,"minecraft:lily_of_the_valley":11,"minecraft:mossy_cobblestone":2,"biomesoplenty:flowering_oak_sapling":1,"minecraft:spruce_fence_gate":1,"biomesoplenty:maple_sapling":38,"minecraft:purple_bed":2,"minecraft:stone_axe":4,"minecraft:spruce_boat":8,"minecraft:iron_helmet":1,"minecraft:spruce_sign":1,"minecraft:oak_sapling":9,"minecraft:coal":49,"rottencreatures:magma_rotten_flesh":2},"minecraft:killed":{"minecraft:zombified_piglin":24,"hordes:zombie_player":1,"rottencreatures:burned":1,"minecraft:zombie_horse":5,"minecraft:drowned":19,"rottencreatures:undead_miner":3,"minecraft:husk":74,"minecraft:pig":1,"naturalist:bear":1,"minecraft:zombie_villager":4,"crittersandcompanions:ferret":1,"hamsters:hamster":1,"minecraft:trader_llama":1,"minecraft:zombie":56,"minecraft:cow":8},"minecraft:dropped":{"minecraft:wheat_seeds":19,"crittersandcompanions:clam":5,"minecraft:oak_log":15,"minecraft:glass_bottle":3,"minecraft:crafting_table":2,"minecraft:cooked_porkchop":3,"farmersdelight:cooked_bacon":27,"minecraft:iron_helmet":1,"minecraft:feather":1,"minecraft:cobblestone":73,"minecraft:leather":2,"marbledsapi:steel_sheet":1,"minecraft:coal":6,"minecraft:stick":1,"minecraft:flint":1,"minecraft:dirt":4,"minecraft:torch":4,"minecraft:wooden_axe":1,"minecraft:potion":10,"minecraft:gold_nugget":10,"minecraft:sand":1,"bunker_down:brittle_pickaxe":1,"minecraft:iron_shovel":1,"marbledsarsenal:baseball_bat":3,"minecraft:bucket":2,"taccraft:flak_vest_helmet":1,"minecraft:spruce_sapling":3,"minecraft:gravel":3,"minecraft:stone_axe":1,"minecraft:kelp":64,"minecraft:sweet_berries":1,"flashlight:flashlight":1,"minecraft:stone_sword":1,"minecraft:cobblestone_wall":2,"minecraft:raw_iron":4,"minecraft:stone_shovel":3,"minecraft:chicken":2,"minecraft:rotten_flesh":30,"minecraft:oak_planks":12,"minecraft:azure_bluet":1,"minecraft:salmon":1,"cold_sweat:fur_cap":1,"minecraft:potato":174,"minecraft:cobblestone_slab":1,"minecraft:iron_chestplate":1,"flashlight:smallredstonebattery":1,"farmersdelight:minced_beef":1,"minecraft:spruce_log":50,"minecraft:stone_pickaxe":2,"minecraft:beef":2,"minecraft:wooden_pickaxe":1,"farmersdelight:apple_cider":1,"farmersdelight:tomato":1,"minecraft:egg":1,"cold_sweat:fur_pants":1},"minecraft:killed_by":{"minecraft:zombified_piglin":1,"minecraft:iron_golem":1,"minecraft:drowned":1,"rottencreatures:burned":2,"minecraft:zombie":5,"naturalist:bear":2}},"DataVersion":3120}