{"stats":{"minecraft:killed_by":{"minecraft:vex":2},"minecraft:killed":{"alexsmobs:lobster":2,"minecraft:skeleton":53,"minecraft:chicken":4,"alexsmobs:centipede_head":1,"minecraft:skeleton_horse":3,"minecraft:cat":2,"minecraft:salmon":1,"minecraft:iron_golem":57,"alexsmobs:seal":1,"minecraft:pillager":88,"minecraft:donkey":1,"minecraft:zombie":480,"takesapillage:archer":19,"minecraft:cow":26,"mowziesmobs:naga":1,"minecraft:evoker":15,"minecraft:vindicator":30,"alexsmobs:seagull":2,"minecraft:ravager":4,"alexsmobs:catfish":1,"minecraft:enderman":1,"minecraft:witch":15,"minecraft:zombified_piglin":7,"minecraft:spider":67,"alexsmobs:banana_slug":1,"minecraft:piglin_brute":3,"artifacts:mimic":7,"minecraft:piglin":12,"minecraft:pig":9,"alexsmobs:grizzly_bear":3,"minecraft:creeper":40,"alexsmobs:crimson_mosquito":11,"minecraft:sheep":7,"alexsmobs:terrapin":5,"alexsmobs:fly":17,"alexsmobs:dropbear":1,"minecraft:vex":42,"takesapillage:legioner":17,"alexsmobs:tasmanian_devil":4,"minecraft:phantom":4,"takesapillage:clay_golem":1,"alexsmobs:soul_vulture":4,"minecraft:drowned":6,"alexsmobs:skunk":2,"takesapillage:skirmisher":12,"minecraft:bat":1,"minecraft:hoglin":1,"minecraft:squid":3,"alexsmobs:cockroach":1,"alexsmobs:crow":1},"minecraft:custom":{"minecraft:interact_with_crafting_table":143,"minecraft:open_barrel":39,"minecraft:eat_cake_slice":5,"minecraft:leave_game":30,"minecraft:time_since_death":807261,"minecraft:damage_blocked_by_shield":5171,"minecraft:play_time":3042211,"minecraft:deaths":16,"minecraft:jump":43579,"minecraft:enchant_item":20,"minecraft:interact_with_furnace":72,"minecraft:traded_with_villager":1814,"minecraft:sleep_in_bed":139,"minecraft:waystone_activated":8,"minecraft:damage_dealt":204346,"minecraft:interact_with_smoker":13,"minecraft:horse_one_cm":428270,"minecraft:interact_with_smithing_table":10,"minecraft:interact_with_anvil":54,"minecraft:inspect_hopper":13,"minecraft:damage_dealt_absorbed":659,"minecraft:sneak_time":227397,"minecraft:interact_with_blast_furnace":80,"minecraft:total_world_time":3042211,"minecraft:interact_with_stonecutter":4,"minecraft:time_since_rest":4437,"minecraft:swim_one_cm":645124,"minecraft:fly_one_cm":8256958,"minecraft:open_chest":1490,"minecraft:fall_one_cm":839279,"minecraft:animals_bred":19,"minecraft:sprint_one_cm":7062790,"minecraft:drop":1707,"minecraft:talked_to_villager":922,"minecraft:walk_on_water_one_cm":480648,"minecraft:player_kills":4,"minecraft:crouch_one_cm":692023,"minecraft:mob_kills":1212,"minecraft:damage_dealt_resisted":690,"minecraft:climb_one_cm":46105,"minecraft:walk_one_cm":7830286,"minecraft:raid_win":4,"minecraft:walk_under_water_one_cm":575866,"minecraft:boat_one_cm":847213,"minecraft:raid_trigger":4,"minecraft:interact_with_grindstone":27,"minecraft:damage_taken":37512,"minecraft:damage_absorbed":55,"minecraft:trigger_trapped_chest":4},"minecraft:crafted":{"minecraft:red_stained_glass_pane":8,"minecraft:black_dye":4,"minecraft:chainmail_helmet":9,"sophisticatedbackpacks:anvil_upgrade":1,"sophisticatedbackpacks:crafting_upgrade":1,"minecraft:diamond_shovel":15,"farmersdelight:rope":4,"minecraft:bookshelf":38,"minecraft:cooked_mutton":6,"sophisticatedbackpacks:smelting_upgrade":1,"minecraft:glass":33,"minecraft:diamond_helmet":17,"minecraft:diamond_leggings":11,"sophisticatedbackpacks:tank_upgrade":1,"minecraft:tipped_arrow":60,"minecraft:wooden_shovel":1,"minecraft:emerald":1106,"minecraft:cooked_porkchop":15,"minecraft:diamond_axe":22,"biomesoplenty:jacaranda_fence_gate":1,"minecraft:smithing_table":2,"minecraft:copper_ingot":135,"minecraft:fletching_table":2,"minecraft:lectern":2,"sophisticatedbackpacks:auto_smelting_upgrade":1,"minecraft:iron_block":13,"minecraft:gold_ingot":151,"minecraft:composter":2,"minecraft:spruce_fence_gate":1,"minecraft:polished_blackstone_bricks":52,"minecraft:golden_carrot":532,"minecraft:stone_shovel":48,"minecraft:diamond_hoe":10,"sophisticatedbackpacks:stack_upgrade_tier_1":1,"securitycraft:smart_module":1,"minecraft:bone_meal":621,"minecraft:white_carpet":6,"minecraft:lantern":21,"refurbished_furniture:workbench":1,"securitycraft:universal_block_remover":1,"minecraft:ladder":9,"minecraft:spruce_slab":24,"minecraft:stone_pickaxe":14,"minecraft:diamond_boots":11,"minecraft:spruce_boat":1,"minecraft:redstone_block":3,"minecraft:chainmail_leggings":16,"securitycraft:portable_radar":1,"securitycraft:cobbled_deepslate_mine":73,"minecraft:crossbow":13,"minecraft:enchanting_table":1,"sophisticatedbackpacks:advanced_tool_swapper_upgrade":1,"minecraft:red_bed":1,"sophisticatedbackpacks:gold_backpack":1,"minecraft:enchanted_book":26,"minecraft:iron_shovel":13,"minecraft:iron_leggings":10,"minecraft:white_bed":10,"securitycraft:harming_module":1,"minecraft:oak_planks":3724,"minecraft:cobblestone_slab":156,"minecraft:stone":21,"minecraft:heavy_weighted_pressure_plate":1,"minecraft:suspicious_stew":5,"farmersdelight:safety_net":1,"securitycraft:laser_block":3,"minecraft:cake":1,"minecraft:hopper":9,"minecraft:bow":22,"refurbished_furniture:dark_electricity_generator":1,"minecraft:chest":30,"minecraft:copper_block":15,"minecraft:stone_hoe":11,"minecraft:oak_fence":3,"minecraft:golden_boots":2,"refurbished_furniture:light_electricity_generator":1,"farmersdelight:tomato_seeds":26,"minecraft:oak_slab":222,"sophisticatedbackpacks:backpack":1,"minecraft:arrow":214,"biomesoplenty:jacaranda_planks":164,"securitycraft:sand_mine":27,"minecraft:crafting_table":12,"minecraft:spruce_planks":712,"minecraft:wooden_pickaxe":1,"minecraft:iron_helmet":1,"minecraft:gold_block":7,"minecraft:pumpkin_seeds":140,"sophisticatedbackpacks:upgrade_base":6,"biomesoplenty:fir_planks":384,"minecraft:spruce_trapdoor":4,"minecraft:book":3,"minecraft:iron_chestplate":9,"minecraft:diamond_pickaxe":8,"minecraft:shield":20,"sophisticatedbackpacks:diamond_backpack":9,"minecraft:stick":7821,"minecraft:iron_ingot":174,"minecraft:stone_sword":1,"minecraft:redstone_torch":1,"minecraft:shears":3,"securitycraft:universal_block_reinforcer_lvl1":1,"minecraft:wooden_sword":1,"minecraft:cookie":259,"minecraft:raw_iron":9,"sophisticatedbackpacks:tool_swapper_upgrade":1,"minecraft:spruce_button":1,"minecraft:furnace":5,"minecraft:stone_button":16,"sophisticatedbackpacks:stack_upgrade_starter_tier":1,"refurbished_furniture:light_stove":1,"minecraft:oak_trapdoor":6,"minecraft:glass_pane":32,"minecraft:flint_and_steel":1,"minecraft:iron_axe":14,"sophisticatedbackpacks:stack_upgrade_tier_2":1,"sophisticatedbackpacks:iron_backpack":1,"refurbished_furniture:dark_stove":1,"minecraft:red_dye":13,"minecraft:diamond_sword":3,"minecraft:spruce_sign":6,"minecraft:iron_sword":8,"minecraft:bucket":3,"minecraft:stone_axe":12,"minecraft:air":0,"minecraft:bread":477,"securitycraft:dirt_mine":16,"minecraft:oak_boat":1,"minecraft:white_wool":2,"minecraft:anvil":2,"minecraft:stonecutter":1,"minecraft:pumpkin_pie":48,"minecraft:torch":720,"minecraft:diamond_chestplate":12},"minecraft:mined":{"minecraft:dark_oak_planks":5,"minecraft:white_bed":22,"biomesoplenty:brimstone":3,"minecraft:obsidian":72,"minecraft:granite":132,"minecraft:chiseled_polished_blackstone":4,"biomesoplenty:eyebulb":5,"minecraft:hopper":20,"minecraft:polished_blackstone_bricks":608,"minecraft:tall_seagrass":28,"minecraft:magma_block":18,"biomesoplenty:tall_lavender":40,"minecraft:barrel":17,"minecraft:cobbled_deepslate":54,"minecraft:fire":137,"biomesoplenty:lavender":589,"minecraft:pumpkin":867,"minecraft:deepslate_lapis_ore":47,"minecraft:fletching_table":18,"biomesoplenty:flesh_tendons":3,"minecraft:twisting_vines":28,"biomesoplenty:glowshroom_block":65,"minecraft:dirt_path":17,"minecraft:oak_stairs":1,"farmersdelight:wild_potatoes":1,"minecraft:tripwire":13,"biomesoplenty:jacaranda_leaves":26,"minecraft:brown_mushroom":1,"minecraft:red_bed":11,"biomesoplenty:glowworm_silk":13,"biomesoplenty:jacaranda_planks":124,"minecraft:smoker":17,"minecraft:soul_fire":4,"minecraft:powder_snow":7,"biomesoplenty:brimstone_fumarole":2,"minecraft:torch":93,"minecraft:blast_furnace":19,"minecraft:spruce_wall_sign":42,"farmersdelight:cabbages":90,"minecraft:sugar_cane":7,"minecraft:spruce_sign":5,"minecraft:skeleton_skull":3,"minecraft:chain":16,"biomesoplenty:glowworm_silk_strand":4,"minecraft:wheat":64,"minecraft:magenta_bed":1,"biomesoplenty:large_rose_quartz_bud":9,"minecraft:pumpkin_stem":8,"minecraft:grass":863,"minecraft:stonecutter":1,"minecraft:deepslate":2969,"minecraft:attached_pumpkin_stem":5,"minecraft:mossy_cobblestone":3,"biomesoplenty:desert_grass":1,"minecraft:dark_oak_log":6,"minecraft:dark_oak_fence":6,"minecraft:spruce_fence":1,"farmersdelight:wild_cabbages":1,"biomesoplenty:dead_grass":9,"minecraft:cartography_table":2,"biomesoplenty:jacaranda_log":80,"minecraft:andesite":169,"biomesoplenty:flesh":519,"minecraft:cobblestone_slab":617,"biomesoplenty:high_grass":8,"biomesoplenty:brimstone_bud":1,"biomesoplenty:barley":4,"biomesoplenty:rose_quartz_cluster":4,"minecraft:bone_block":28,"minecraft:white_wool":2,"minecraft:smithing_table":10,"biomesoplenty:porous_flesh":7,"minecraft:oak_slab":68,"minecraft:light_gray_carpet":3,"minecraft:glass_pane":1,"biomesoplenty:small_rose_quartz_bud":1,"minecraft:cobbled_deepslate_wall":1,"minecraft:warped_roots":4,"minecraft:campfire":14,"biomesoplenty:high_grass_plant":13,"minecraft:copper_ore":58,"minecraft:tall_grass":50,"minecraft:deepslate_gold_ore":76,"minecraft:diorite":120,"minecraft:purple_bed":19,"minecraft:trapped_chest":2,"minecraft:white_carpet":10,"minecraft:spruce_log":221,"minecraft:birch_leaves":2,"securitycraft:dirt_mine":7,"minecraft:red_wall_banner":1,"minecraft:gravel":359,"minecraft:polished_blackstone":1,"minecraft:chipped_anvil":1,"minecraft:gold_ore":12,"minecraft:fern":99,"minecraft:spruce_planks":40,"biomesoplenty:glowshroom":8,"minecraft:farmland":6,"minecraft:cobblestone_stairs":17,"minecraft:spruce_trapdoor":71,"minecraft:grass_block":11194,"biomesoplenty:rose_quartz_block":44,"minecraft:cracked_polished_blackstone_bricks":95,"biomesoplenty:flowering_oak_leaves":1,"minecraft:polished_blackstone_brick_slab":11,"minecraft:composter":9,"biomesoplenty:pus_bubble":5,"minecraft:gilded_blackstone":6,"biomesoplenty:blackstone_bulb":6,"minecraft:raw_iron_block":3,"farmersdelight:wild_rice":4,"farmersdelight:rice":5,"minecraft:iron_ore":111,"minecraft:anvil":1,"minecraft:azure_bluet":33,"minecraft:green_bed":3,"minecraft:deepslate_redstone_ore":67,"biomesoplenty:medium_rose_quartz_bud":2,"minecraft:blackstone":49,"minecraft:twisting_vines_plant":21,"biomesoplenty:jacaranda_slab":22,"minecraft:poppy":7,"minecraft:chest":87,"farmersdelight:safety_net":2,"minecraft:mushroom_stem":10,"minecraft:nether_quartz_ore":34,"minecraft:cobblestone":2195,"minecraft:oak_planks":115,"minecraft:grindstone":11,"minecraft:wall_torch":66,"minecraft:seagrass":24,"minecraft:warped_nylium":8,"farmersdelight:sandy_shrub":1,"biomesoplenty:hair":7,"refurbished_furniture:light_electricity_generator":1,"biomesoplenty:maple_leaves":1634,"minecraft:tnt":2,"biomesoplenty:fir_log":100,"biomesoplenty:clover":360,"minecraft:oak_log":965,"minecraft:sand":34,"minecraft:dirt":13561,"securitycraft:sand_mine":5,"minecraft:netherrack":1558,"minecraft:oak_leaves":20,"minecraft:crying_obsidian":1,"minecraft:diamond_ore":1,"biomesoplenty:glowing_moss_block":1,"minecraft:nether_gold_ore":17,"minecraft:tuff":123,"minecraft:deepslate_diamond_ore":40,"minecraft:candle":1,"securitycraft:cobbled_deepslate_mine":3,"farmersdelight:tomatoes":8,"minecraft:spruce_leaves":54,"biomesoplenty:jacaranda_sapling":1,"minecraft:large_fern":5,"minecraft:oak_trapdoor":5,"minecraft:furnace":16,"minecraft:nether_sprouts":2,"minecraft:gold_block":39,"farmersdelight:rope":8,"minecraft:bookshelf":18,"refurbished_furniture:dark_stove":1,"minecraft:shroomlight":1,"minecraft:deepslate_iron_ore":195,"minecraft:lantern":30,"minecraft:packed_ice":12,"biomesoplenty:flesh_tendons_strand":3,"minecraft:stone":10914,"minecraft:podzol":12,"minecraft:basalt":25,"minecraft:red_banner":1,"minecraft:crafting_table":16,"minecraft:lectern":16,"biomesoplenty:stripped_jacaranda_log":1,"minecraft:stone_slab":2,"farmersdelight:onion_crate":1,"minecraft:deepslate_coal_ore":12,"minecraft:lapis_ore":52,"biomesoplenty:sprout":5,"biomesoplenty:huge_clover_petal":160,"minecraft:polished_blackstone_brick_stairs":46,"minecraft:blue_bed":7,"refurbished_furniture:workbench":1,"minecraft:spruce_stairs":4,"minecraft:redstone_torch":1,"minecraft:sweet_berry_bush":4,"minecraft:ice":80,"biomesoplenty:pink_daffodil":1,"minecraft:gray_bed":4,"minecraft:yellow_bed":15,"minecraft:coal_ore":340,"biomesoplenty:fir_leaves":32},"minecraft:broken":{"minecraft:diamond_helmet":3,"takesapillage:ravager_horn":6,"minecraft:diamond_shovel":4,"minecraft:diamond_pickaxe":1,"minecraft:iron_sword":2,"minecraft:diamond_leggings":1,"minecraft:iron_axe":3,"minecraft:iron_shovel":8,"minecraft:stone_pickaxe":13,"minecraft:stone_axe":1,"minecraft:stone_shovel":46},"minecraft:used":{"farmersdelight:onion_crate":4,"farmersdelight:cabbage_seeds":134,"sophisticatedbackpacks:copper_backpack":2,"minecraft:polished_blackstone":1,"minecraft:ladder":17,"minecraft:poppy":8,"minecraft:chest":96,"minecraft:rotten_flesh":1,"securitycraft:keypad_item":2,"minecraft:spruce_boat":5,"minecraft:lava_bucket":258,"biomesoplenty:jacaranda_sapling":4,"minecraft:bow":1,"minecraft:oak_sapling":1,"minecraft:furnace":13,"minecraft:potato":2,"securitycraft:reinforced_stone_button":1,"biomesoplenty:flesh":203,"minecraft:blackstone":1,"minecraft:wooden_pickaxe":18,"minecraft:composter":10,"minecraft:cookie":326,"minecraft:golden_apple":2,"minecraft:sand":25,"minecraft:blast_furnace":18,"securitycraft:universal_block_remover":65,"farmersdelight:rice":13,"biomesoplenty:jacaranda_planks":236,"minecraft:pumpkin_seeds":156,"minecraft:crying_obsidian":2,"minecraft:lectern":18,"securitycraft:mine":13,"minecraft:diamond_sword":1910,"minecraft:smithing_table":9,"minecraft:oak_boat":1,"minecraft:oak_trapdoor":10,"minecraft:polished_blackstone_brick_slab":15,"minecraft:stone_sword":32,"minecraft:enchanting_table":1,"biomesoplenty:jacaranda_fence_gate":2,"minecraft:cooked_salmon":1,"minecraft:netherrack":716,"minecraft:torch":899,"minecraft:anvil":1,"minecraft:twisting_vines":30,"biomesoplenty:jacaranda_slab":107,"minecraft:chipped_anvil":1,"minecraft:iron_axe":986,"biomesoplenty:tall_lavender":5,"minecraft:spruce_button":1,"biomesoplenty:jacaranda_log":31,"minecraft:diamond_chestplate":4,"minecraft:basalt":2,"minecraft:beef":5,"securitycraft:dirt_mine":23,"biomesoplenty:rose_quartz_block":10,"biomesoplenty:blood_bucket":125,"farmersdelight:tomato_seeds":36,"minecraft:cobbled_deepslate":273,"alexsmobs:cooked_catfish":3,"minecraft:wheat_seeds":110,"minecraft:water_bucket":474,"minecraft:fletching_table":18,"minecraft:spruce_fence_gate":1,"minecraft:polished_blackstone_bricks":411,"minecraft:gilded_blackstone":4,"minecraft:crafting_table":22,"minecraft:oak_slab":312,"minecraft:red_bed":11,"minecraft:white_bed":35,"minecraft:spruce_log":4,"minecraft:cake":1,"minecraft:oak_log":17,"securitycraft:reinforced_red_stained_glass_pane":3,"minecraft:diamond_pickaxe":19571,"minecraft:diamond_shovel":17227,"minecraft:suspicious_stew":5,"biomesoplenty:stripped_jacaranda_log":1,"minecraft:spruce_trapdoor":71,"minecraft:spruce_sapling":8,"minecraft:cobblestone":4419,"minecraft:potion":1,"minecraft:purple_bed":19,"minecraft:cooked_porkchop":20,"minecraft:dandelion":1,"minecraft:diamond_leggings":8,"minecraft:iron_shovel":2076,"minecraft:diamond_hoe":1141,"minecraft:bone_block":3,"minecraft:shield":95,"minecraft:iron_sword":977,"securitycraft:cobbled_deepslate_mine":96,"minecraft:tuff":10,"minecraft:obsidian":32,"minecraft:glass":22,"minecraft:lantern":26,"biomesoplenty:fir_sapling":2,"minecraft:magma_block":2,"securitycraft:laser_block":35,"farmersdelight:safety_net":2,"minecraft:gold_block":9,"minecraft:skeleton_skull":1,"securitycraft:harming_module":10,"minecraft:golden_boots":1,"minecraft:chiseled_polished_blackstone":1,"minecraft:diamond_boots":4,"minecraft:stone_pickaxe":1781,"minecraft:oak_planks":147,"minecraft:sandstone":1,"minecraft:chainmail_helmet":1,"minecraft:redstone_block":1,"biomesoplenty:lavender":15,"minecraft:diamond_axe":2950,"minecraft:blue_bed":7,"minecraft:white_wool":2,"minecraft:crossbow":313,"minecraft:redstone_torch":1,"waystones:waystone":7,"sophisticatedbackpacks:backpack":2,"minecraft:dark_oak_log":6,"minecraft:bread":107,"minecraft:string":17,"securitycraft:smart_module":12,"minecraft:gravel":22,"refurbished_furniture:dark_stove":2,"minecraft:grindstone":9,"minecraft:andesite":30,"minecraft:chain":3,"minecraft:bone_meal":328,"minecraft:experience_bottle":3,"minecraft:oak_fence":2,"sophisticatedbackpacks:iron_backpack":1,"biomesoplenty:brimstone":1,"minecraft:flint_and_steel":19,"securitycraft:keypad_chest":4,"minecraft:stone_shovel":6341,"minecraft:spruce_planks":116,"biomesoplenty:glowshroom":15,"minecraft:stone_hoe":125,"minecraft:cooked_chicken":1,"minecraft:dirt":12742,"minecraft:white_carpet":10,"minecraft:hopper":29,"minecraft:spruce_stairs":1,"minecraft:diamond_helmet":7,"minecraft:granite":17,"farmersdelight:rope":23,"minecraft:dark_oak_planks":5,"minecraft:bookshelf":36,"minecraft:oak_stairs":1,"minecraft:polished_blackstone_brick_stairs":27,"securitycraft:sand_mine":33,"minecraft:golden_carrot":416,"alexsmobs:lobster_bucket":13,"minecraft:cooked_beef":40,"minecraft:powder_snow_bucket":2,"minecraft:pumpkin":175,"minecraft:iron_leggings":2,"minecraft:cooked_mutton":5,"minecraft:cobblestone_stairs":24,"minecraft:spruce_sign":84,"minecraft:green_bed":2,"minecraft:stonecutter":1,"minecraft:cobblestone_slab":1464,"minecraft:warped_roots":1,"minecraft:smoker":15,"refurbished_furniture:dark_electricity_generator":1,"biomesoplenty:jacaranda_trapdoor":2,"minecraft:apple":3,"minecraft:cracked_polished_blackstone_bricks":5,"biomesoplenty:porous_flesh":5,"minecraft:stone_slab":1,"refurbished_furniture:light_electricity_generator":1,"minecraft:golden_leggings":1,"minecraft:stone_axe":157,"refurbished_furniture:workbench":2,"minecraft:white_banner":8,"minecraft:red_banner":3,"minecraft:bucket":1020,"minecraft:pumpkin_pie":2,"minecraft:yellow_bed":12,"alexsmobs:animal_dictionary":5,"takesapillage:ravager_horn":6,"minecraft:splash_potion":1,"minecraft:chainmail_leggings":1},"minecraft:dropped":{"minecraft:iron_sword":13,"minecraft:cooked_beef":11,"minecraft:glow_ink_sac":1,"immersive_melodies:trumpet":2,"minecraft:glass_bottle":12,"minecraft:crafting_table":1,"minecraft:cooked_porkchop":8,"minecraft:crossbow":25,"minecraft:cookie":181,"minecraft:warped_roots":5,"minecraft:saddle":1,"minecraft:emerald":16,"minecraft:gold_block":1,"minecraft:dirt":1489,"minecraft:dark_oak_fence":6,"minecraft:snout_armor_trim_smithing_template":1,"minecraft:gold_nugget":37,"minecraft:bone_meal":2,"minecraft:bone_block":11,"minecraft:phantom_membrane":1,"minecraft:sand":65,"minecraft:white_wool":1,"minecraft:bone":11,"minecraft:stone_axe":29,"minecraft:ancient_debris":1,"minecraft:iron_nugget":37,"minecraft:cooked_chicken":1,"minecraft:cobbled_deepslate":2725,"minecraft:wheat":13,"minecraft:obsidian":10,"minecraft:rotten_flesh":132,"minecraft:grindstone":3,"minecraft:oak_planks":18,"minecraft:light_gray_carpet":3,"minecraft:golden_shovel":2,"minecraft:azure_bluet":87,"minecraft:tipped_arrow":60,"minecraft:charcoal":4,"minecraft:leather_boots":2,"minecraft:ladder":1,"minecraft:leather_leggings":4,"minecraft:spruce_slab":22,"minecraft:glass":20,"minecraft:crying_obsidian":5,"biomesoplenty:tall_lavender":35,"farmersdelight:tomato_seeds":1,"minecraft:enchanted_book":7,"minecraft:golden_boots":10,"minecraft:iron_ingot":17,"minecraft:wheat_seeds":573,"minecraft:golden_horse_armor":5,"biomesoplenty:maple_sapling":164,"minecraft:cobbled_deepslate_wall":1,"biomesoplenty:lavender":441,"minecraft:iron_helmet":2,"minecraft:oak_fence":1,"minecraft:feather":3,"minecraft:cobblestone":2174,"minecraft:book":4,"minecraft:granite":132,"minecraft:chainmail_helmet":20,"minecraft:coal":2,"minecraft:lava_bucket":2,"minecraft:diamond_horse_armor":1,"minecraft:golden_carrot":167,"minecraft:ink_sac":8,"biomesoplenty:brimstone":1,"minecraft:gray_bed":1,"minecraft:diamond_helmet":14,"minecraft:potion":2,"minecraft:pumpkin":2,"minecraft:white_banner":18,"minecraft:chainmail_leggings":39,"minecraft:iron_shovel":12,"minecraft:string":32,"minecraft:spruce_sapling":1,"minecraft:furnace":1,"minecraft:stone_sword":1,"minecraft:bowl":6,"minecraft:diamond_hoe":8,"minecraft:stone_shovel":17,"minecraft:white_carpet":9,"minecraft:iron_boots":2,"minecraft:stone_slab":1,"minecraft:spruce_fence":1,"minecraft:pumpkin_seeds":16,"minecraft:suspicious_stew":5,"minecraft:diamond_sword":2,"minecraft:cobblestone_slab":74,"minecraft:shroomlight":1,"minecraft:stone":10,"minecraft:allium":1,"alexsmobs:cockroach_wing_fragment":2,"minecraft:spruce_trapdoor":18,"minecraft:spruce_planks":6,"minecraft:diamond_pickaxe":7,"minecraft:yellow_bed":1,"minecraft:redstone_torch":2,"minecraft:spider_eye":65,"minecraft:barrel":7,"minecraft:sandstone":14,"minecraft:bow":37,"farmersdelight:tomato":1,"securitycraft:reinforced_stone_button":1,"minecraft:soul_sand":1,"minecraft:brown_mushroom":1,"minecraft:diamond_axe":15,"minecraft:warped_fungus":1,"minecraft:oak_log":5,"minecraft:golden_pickaxe":1,"minecraft:lantern":13,"minecraft:leather":3,"minecraft:iron_horse_armor":2,"biomesoplenty:porous_flesh":2,"minecraft:flint":37,"minecraft:cobblestone_stairs":1,"alexsmobs:cooked_catfish":2,"minecraft:gilded_blackstone":9,"minecraft:pumpkin_pie":2,"minecraft:polished_blackstone_bricks":201,"minecraft:gold_ingot":23,"minecraft:gravel":250,"alexsmobs:skreecher_soul":1,"minecraft:chiseled_polished_blackstone":2,"minecraft:blackstone":14,"minecraft:twisting_vines":1,"minecraft:diamond_shovel":6,"biomesoplenty:glowing_moss_block":1,"minecraft:carrot":1,"minecraft:chainmail_chestplate":4,"minecraft:poppy":124,"minecraft:leather_chestplate":1,"minecraft:gunpowder":1,"minecraft:beetroot_seeds":4,"minecraft:melon_seeds":12,"minecraft:chest":3,"minecraft:chainmail_boots":4,"immersive_melodies:didgeridoo":1,"minecraft:basalt":16,"minecraft:arrow":198,"biomesoplenty:flesh":17,"minecraft:quartz":13,"minecraft:netherrack":565,"minecraft:stone_hoe":27,"minecraft:water_bucket":1,"minecraft:bread":524,"minecraft:oak_slab":21,"minecraft:golden_helmet":5,"minecraft:mossy_cobblestone":3,"minecraft:diamond_leggings":12,"minecraft:poisonous_potato":5,"minecraft:golden_axe":5,"minecraft:spectral_arrow":10,"minecraft:copper_ingot":10,"minecraft:spruce_stairs":7,"minecraft:grass_block":3,"minecraft:stick":4,"minecraft:diorite":143,"minecraft:torch":9,"minecraft:iron_leggings":22,"minecraft:iron_axe":32,"minecraft:bucket":1,"minecraft:redstone":8,"alexsmobs:maggot":26,"minecraft:kelp":1,"minecraft:sweet_berries":19,"minecraft:oak_trapdoor":1,"minecraft:raw_copper":22,"securitycraft:reinforced_glass_pane":18,"minecraft:tuff":118,"immersive_melodies:bagpipe":2,"minecraft:raw_iron":3,"farmersdelight:cabbage_seeds":7,"minecraft:totem_of_undying":1,"alexsmobs:bear_fur":2,"minecraft:filled_map":2,"minecraft:shield":32,"minecraft:diamond_chestplate":8,"minecraft:iron_chestplate":26,"minecraft:andesite":224,"minecraft:golden_leggings":4,"minecraft:oak_sapling":4,"minecraft:golden_sword":1,"minecraft:diamond_boots":11,"minecraft:spruce_log":6,"minecraft:stone_pickaxe":4,"minecraft:wooden_pickaxe":1,"minecraft:magma_cream":7},"minecraft:picked_up":{"minecraft:iron_chestplate":15,"minecraft:chainmail_boots":4,"minecraft:suspicious_stew":5,"minecraft:anvil":1,"securitycraft:sand_mine":6,"artifacts:bunny_hoppers":1,"securitycraft:laser_block":32,"minecraft:smithing_table":8,"minecraft:stone_slab":2,"minecraft:oak_stairs":1,"minecraft:enchanted_book":4,"minecraft:golden_shovel":1,"minecraft:golden_sword":1,"minecraft:polished_blackstone_brick_stairs":42,"minecraft:string":163,"minecraft:cooked_salmon":1,"securitycraft:cobbled_deepslate_mine":23,"biomesoplenty:tall_lavender":141,"minecraft:shroomlight":1,"minecraft:diamond_leggings":6,"minecraft:gold_nugget":145,"minecraft:cobbled_deepslate":3071,"minecraft:spruce_planks":44,"minecraft:golden_helmet":6,"minecraft:polished_blackstone_brick_slab":11,"minecraft:composter":9,"minecraft:green_bed":2,"refurbished_furniture:dark_stove":1,"minecraft:golden_axe":5,"securitycraft:lens":24,"alexsmobs:centipede_leg":2,"biomesoplenty:rose_quartz_chunk":22,"securitycraft:harming_module":9,"minecraft:iron_block":4,"farmersdelight:rope":8,"biomesoplenty:lavender":2717,"minecraft:magma_block":12,"minecraft:feather":3,"minecraft:cooked_beef":52,"farmersdelight:rice":12,"farmersdelight:safety_net":2,"minecraft:smoker":15,"biomesoplenty:fir_sapling":2,"biomesoplenty:fir_log":96,"minecraft:flint":49,"farmersdelight:tomato":36,"minecraft:lantern":47,"artifacts:shock_pendant":2,"minecraft:twisting_vines":45,"securitycraft:reinforced_stone_button":18,"minecraft:chipped_anvil":1,"minecraft:stonecutter":1,"minecraft:diamond_helmet":5,"minecraft:glowstone_dust":4,"minecraft:chiseled_polished_blackstone":5,"minecraft:ink_sac":13,"sophisticatedbackpacks:iron_backpack":1,"minecraft:trapped_chest":1,"minecraft:dark_oak_log":6,"minecraft:barrel":7,"alexsmobs:animal_dictionary":1,"minecraft:snout_armor_trim_smithing_template":3,"minecraft:granite":149,"minecraft:chainmail_helmet":11,"minecraft:golden_horse_armor":4,"minecraft:bread":81,"alexsmobs:maggot":26,"minecraft:light_gray_carpet":3,"minecraft:dark_oak_fence":6,"minecraft:diamond_pickaxe":6,"minecraft:crafting_table":13,"minecraft:golden_pickaxe":1,"minecraft:leather_leggings":3,"biomesoplenty:jacaranda_sapling":6,"alexsmobs:cooked_catfish":5,"minecraft:red_bed":10,"minecraft:white_carpet":13,"minecraft:iron_shovel":6,"biomesoplenty:jacaranda_slab":23,"minecraft:beef":16,"securitycraft:smart_module":11,"minecraft:iron_nugget":72,"minecraft:poppy":145,"minecraft:spruce_slab":13,"minecraft:chest":85,"minecraft:diamond_hoe":7,"minecraft:sandstone":15,"minecraft:stone":50,"sophisticatedbackpacks:backpack":2,"minecraft:spruce_fence":1,"farmersdelight:tomato_seeds":8,"minecraft:carrot":6,"minecraft:redstone":316,"minecraft:tnt":2,"minecraft:stone_shovel":15,"minecraft:diamond_chestplate":2,"biomesoplenty:jacaranda_log":78,"minecraft:beetroot_seeds":4,"minecraft:diamond_boots":6,"minecraft:gold_ingot":19,"minecraft:totem_of_undying":19,"minecraft:polished_blackstone":1,"minecraft:mutton":6,"minecraft:white_wool":36,"minecraft:bone_block":71,"alexsmobs:skreecher_soul":1,"minecraft:filled_map":2,"immersive_melodies:bagpipe":4,"minecraft:oak_log":957,"minecraft:ancient_debris":6,"minecraft:golden_boots":8,"minecraft:blue_bed":7,"minecraft:paper":8,"minecraft:white_banner":26,"minecraft:apple":19,"minecraft:kelp":1,"alexsmobs:cockroach_wing_fragment":2,"minecraft:stone_pickaxe":3,"minecraft:glass_bottle":1,"minecraft:gray_bed":1,"minecraft:iron_sword":10,"minecraft:sweet_berries":19,"minecraft:gravel":353,"refurbished_furniture:workbench":1,"minecraft:spruce_sapling":12,"minecraft:spruce_log":222,"minecraft:crying_obsidian":11,"minecraft:diamond_shovel":3,"biomesoplenty:maple_sapling":164,"minecraft:purple_bed":19,"minecraft:stone_axe":18,"minecraft:diamond_axe":10,"minecraft:warped_roots":6,"minecraft:melon_seeds":12,"minecraft:hopper":20,"minecraft:ender_pearl":6,"minecraft:wheat":63,"minecraft:potion":5,"minecraft:gilded_blackstone":13,"minecraft:raw_copper":199,"minecraft:iron_leggings":10,"minecraft:netherite_ingot":1,"biomesoplenty:brimstone":2,"alexsmobs:blood_sac":10,"minecraft:bucket":1,"farmersdelight:cabbage":71,"minecraft:redstone_torch":2,"minecraft:cobblestone_slab":642,"farmersdelight:cabbage_seeds":212,"minecraft:iron_boots":1,"minecraft:furnace":11,"minecraft:tipped_arrow":4,"biomesoplenty:rose_quartz_block":87,"minecraft:stick":132,"minecraft:torch":276,"minecraft:spruce_stairs":8,"minecraft:porkchop":15,"minecraft:diorite":143,"minecraft:rotten_flesh":254,"sophisticatedbackpacks:advanced_tool_swapper_upgrade":1,"immersive_melodies:flute":2,"artifacts:panic_necklace":2,"minecraft:obsidian":100,"minecraft:cobblestone":13310,"minecraft:leather_chestplate":1,"farmersdelight:onion_crate":1,"minecraft:magma_cream":79,"minecraft:andesite":254,"minecraft:golden_leggings":4,"biomesoplenty:glowshroom":28,"minecraft:potato":3,"alexsmobs:bear_fur":2,"minecraft:tuff":128,"minecraft:lapis_lazuli":975,"minecraft:dirt":25354,"minecraft:leather_boots":1,"minecraft:glass":16,"minecraft:bone":138,"minecraft:bow":19,"minecraft:wheat_seeds":683,"minecraft:cobbled_deepslate_wall":1,"minecraft:raw_gold":86,"minecraft:grindstone":12,"minecraft:fletching_table":17,"minecraft:oak_planks":154,"minecraft:stone_hoe":16,"minecraft:cooked_porkchop":13,"securitycraft:dirt_mine":7,"minecraft:poisonous_potato":5,"minecraft:sand":145,"minecraft:grass_block":3,"minecraft:spectral_arrow":16,"minecraft:mossy_cobblestone":3,"minecraft:sugar":2,"artifacts:golden_hook":1,"minecraft:diamond":41,"minecraft:spruce_boat":3,"waystones:waystone":7,"minecraft:cracked_polished_blackstone_bricks":106,"minecraft:crossbow":12,"minecraft:bone_meal":40,"minecraft:golden_apple":1,"minecraft:spruce_sign":66,"minecraft:emerald":77,"biomesoplenty:pink_daffodil":1,"minecraft:oak_sapling":5,"minecraft:netherrack":1281,"biomesoplenty:stripped_jacaranda_log":1,"minecraft:charcoal":4,"minecraft:allium":1,"minecraft:azure_bluet":87,"minecraft:splash_potion":1,"minecraft:ladder":9,"minecraft:brown_mushroom":1,"biomesoplenty:flesh":220,"securitycraft:reinforced_glass_pane":30,"minecraft:gold_block":54,"minecraft:diamond_horse_armor":1,"minecraft:chain":32,"minecraft:shield":21,"minecraft:oak_trapdoor":5,"minecraft:iron_axe":34,"artifacts:feral_claws":1,"takesapillage:ravager_horn":11,"artifacts:fire_gauntlet":1,"minecraft:blackstone":67,"refurbished_furniture:light_electricity_generator":1,"immersive_melodies:trumpet":2,"minecraft:lectern":16,"minecraft:sugar_cane":22,"minecraft:spruce_trapdoor":81,"minecraft:phantom_membrane":4,"minecraft:raw_iron":306,"minecraft:bowl":1,"minecraft:polished_blackstone_bricks":647,"minecraft:cookie":129,"minecraft:iron_horse_armor":2,"minecraft:dark_oak_planks":5,"minecraft:arrow":170,"minecraft:pumpkin_pie":4,"minecraft:saddle":4,"minecraft:skeleton_skull":1,"minecraft:basalt":18,"minecraft:golden_carrot":86,"minecraft:glow_ink_sac":4,"securitycraft:reinforced_red_stained_glass_pane":9,"minecraft:leather":24,"minecraft:chainmail_chestplate":4,"biomesoplenty:jacaranda_planks":124,"minecraft:yellow_bed":13,"securitycraft:keypad_chest":4,"minecraft:gunpowder":55,"minecraft:cobblestone_stairs":17,"minecraft:cooked_mutton":3,"biomesoplenty:glowworm_silk":12,"minecraft:iron_ingot":382,"minecraft:cooked_chicken":2,"minecraft:soul_sand":169,"minecraft:book":89,"minecraft:oak_slab":82,"minecraft:warped_fungus":1,"minecraft:pumpkin":860,"minecraft:quartz":75,"minecraft:dandelion":1,"minecraft:raw_iron_block":3,"minecraft:lava_bucket":2,"biomesoplenty:porous_flesh":7,"minecraft:red_banner":4,"minecraft:blast_furnace":19,"minecraft:white_bed":23,"artifacts:scarf_of_invisibility":1,"biomesoplenty:glowing_moss_block":1,"minecraft:spider_eye":66,"minecraft:pumpkin_seeds":26,"minecraft:chainmail_leggings":22,"minecraft:iron_helmet":1,"immersive_melodies:didgeridoo":1,"minecraft:coal":366}},"DataVersion":3465}