{"stats":{"minecraft:mined":{"minecraft:dark_oak_planks":5,"minecraft:spruce_planks":36,"minecraft:white_bed":2,"biomesoplenty:glowshroom":2,"minecraft:farmland":4,"minecraft:cobblestone_stairs":17,"minecraft:obsidian":58,"minecraft:spruce_trapdoor":71,"minecraft:granite":55,"minecraft:grass_block":5385,"biomesoplenty:eyebulb":1,"minecraft:composter":2,"minecraft:hopper":16,"biomesoplenty:pus_bubble":2,"minecraft:gilded_blackstone":3,"minecraft:polished_blackstone_bricks":3,"minecraft:magma_block":18,"minecraft:iron_ore":82,"farmersdelight:wild_rice":4,"minecraft:barrel":6,"farmersdelight:rice":2,"minecraft:fire":7,"minecraft:cobbled_deepslate":28,"minecraft:pumpkin":529,"minecraft:anvil":1,"minecraft:deepslate_lapis_ore":8,"minecraft:fletching_table":15,"biomesoplenty:flesh_tendons":2,"minecraft:azure_bluet":33,"minecraft:dirt_path":17,"farmersdelight:wild_potatoes":1,"minecraft:tripwire":13,"minecraft:deepslate_redstone_ore":9,"minecraft:red_bed":8,"biomesoplenty:glowworm_silk":13,"minecraft:smoker":4,"minecraft:powder_snow":7,"minecraft:torch":82,"minecraft:blast_furnace":6,"minecraft:poppy":7,"minecraft:chest":68,"farmersdelight:safety_net":2,"minecraft:spruce_wall_sign":42,"farmersdelight:cabbages":90,"minecraft:cobblestone":2094,"minecraft:oak_planks":90,"minecraft:sugar_cane":7,"minecraft:grindstone":9,"minecraft:wall_torch":56,"minecraft:spruce_sign":5,"minecraft:skeleton_skull":3,"minecraft:chain":10,"biomesoplenty:glowworm_silk_strand":4,"minecraft:wheat":64,"minecraft:magenta_bed":1,"biomesoplenty:hair":6,"biomesoplenty:maple_leaves":1634,"minecraft:pumpkin_stem":8,"minecraft:tnt":1,"biomesoplenty:fir_log":100,"minecraft:grass":181,"biomesoplenty:clover":343,"minecraft:oak_log":920,"minecraft:sand":20,"minecraft:dirt":4794,"minecraft:netherrack":58,"minecraft:oak_leaves":12,"minecraft:deepslate":1041,"minecraft:attached_pumpkin_stem":4,"biomesoplenty:glowing_moss_block":1,"minecraft:diamond_ore":1,"minecraft:tuff":3,"minecraft:mossy_cobblestone":3,"minecraft:deepslate_diamond_ore":16,"minecraft:candle":1,"minecraft:dark_oak_log":6,"biomesoplenty:desert_grass":1,"minecraft:spruce_fence":1,"farmersdelight:tomatoes":8,"minecraft:spruce_leaves":47,"biomesoplenty:dead_grass":9,"minecraft:large_fern":5,"minecraft:oak_trapdoor":5,"minecraft:furnace":7,"minecraft:andesite":64,"biomesoplenty:flesh":170,"minecraft:gold_block":2,"biomesoplenty:high_grass":8,"minecraft:bookshelf":15,"minecraft:cobblestone_slab":451,"minecraft:shroomlight":1,"minecraft:deepslate_iron_ore":47,"minecraft:lantern":3,"minecraft:packed_ice":12,"biomesoplenty:flesh_tendons_strand":3,"biomesoplenty:barley":4,"minecraft:stone":4171,"minecraft:bone_block":10,"minecraft:white_wool":2,"minecraft:podzol":12,"minecraft:smithing_table":6,"biomesoplenty:porous_flesh":2,"minecraft:oak_slab":47,"minecraft:light_gray_carpet":3,"minecraft:glass_pane":1,"minecraft:basalt":10,"minecraft:crafting_table":14,"minecraft:cobbled_deepslate_wall":1,"minecraft:campfire":6,"minecraft:lectern":16,"biomesoplenty:high_grass_plant":8,"minecraft:copper_ore":20,"minecraft:lapis_ore":33,"biomesoplenty:huge_clover_petal":127,"biomesoplenty:sprout":5,"minecraft:deepslate_gold_ore":26,"minecraft:diorite":69,"minecraft:blue_bed":5,"minecraft:spruce_stairs":4,"minecraft:purple_bed":16,"minecraft:trapped_chest":1,"minecraft:white_carpet":9,"minecraft:spruce_log":213,"minecraft:sweet_berry_bush":4,"minecraft:ice":1,"minecraft:gray_bed":4,"minecraft:yellow_bed":14,"minecraft:red_wall_banner":1,"minecraft:coal_ore":134,"biomesoplenty:fir_leaves":32,"minecraft:gravel":128,"minecraft:gold_ore":12,"minecraft:chipped_anvil":1,"minecraft:fern":94},"minecraft:picked_up":{"minecraft:iron_chestplate":15,"minecraft:wheat":50,"minecraft:anvil":1,"minecraft:suspicious_stew":5,"minecraft:smithing_table":6,"securitycraft:laser_block":32,"minecraft:enchanted_book":2,"minecraft:golden_shovel":1,"minecraft:gilded_blackstone":9,"minecraft:golden_sword":1,"minecraft:string":137,"minecraft:raw_copper":71,"minecraft:cooked_salmon":1,"minecraft:iron_leggings":10,"minecraft:shroomlight":1,"minecraft:diamond_leggings":5,"alexsmobs:blood_sac":3,"minecraft:gold_nugget":6,"minecraft:cobbled_deepslate":1038,"minecraft:bucket":1,"farmersdelight:cabbage":71,"minecraft:spruce_planks":37,"minecraft:redstone_torch":1,"minecraft:cobblestone_slab":450,"farmersdelight:cabbage_seeds":209,"minecraft:iron_boots":1,"minecraft:furnace":6,"minecraft:golden_helmet":4,"minecraft:stick":116,"minecraft:composter":2,"minecraft:torch":228,"minecraft:spruce_stairs":8,"minecraft:porkchop":15,"securitycraft:lens":24,"minecraft:diorite":84,"minecraft:rotten_flesh":192,"securitycraft:harming_module":9,"minecraft:iron_block":1,"immersive_melodies:flute":1,"artifacts:panic_necklace":1,"minecraft:obsidian":72,"minecraft:cobblestone":5736,"minecraft:feather":3,"minecraft:magma_block":12,"minecraft:leather_chestplate":1,"farmersdelight:rice":6,"minecraft:cooked_beef":27,"minecraft:magma_cream":23,"minecraft:andesite":63,"farmersdelight:safety_net":2,"minecraft:golden_leggings":1,"minecraft:potato":3,"biomesoplenty:glowshroom":1,"minecraft:smoker":4,"biomesoplenty:fir_sapling":2,"biomesoplenty:fir_log":96,"minecraft:flint":15,"minecraft:tuff":3,"farmersdelight:tomato":36,"minecraft:dirt":10858,"minecraft:lapis_lazuli":270,"minecraft:lantern":16,"artifacts:shock_pendant":1,"minecraft:leather_boots":1,"minecraft:glass":16,"minecraft:bone":38,"minecraft:chipped_anvil":1,"minecraft:bow":14,"minecraft:wheat_seeds":221,"minecraft:cobbled_deepslate_wall":1,"minecraft:raw_gold":37,"minecraft:grindstone":9,"minecraft:diamond_helmet":1,"minecraft:fletching_table":15,"minecraft:oak_planks":144,"minecraft:stone_hoe":10,"minecraft:dark_oak_log":6,"minecraft:sand":21,"sophisticatedbackpacks:iron_backpack":1,"minecraft:ink_sac":4,"minecraft:grass_block":2,"minecraft:trapped_chest":1,"minecraft:barrel":5,"alexsmobs:animal_dictionary":1,"minecraft:mossy_cobblestone":3,"minecraft:diamond":17,"minecraft:granite":56,"minecraft:bone_meal":40,"minecraft:golden_apple":1,"minecraft:spruce_sign":66,"minecraft:chainmail_helmet":8,"minecraft:emerald":16,"minecraft:bread":74,"alexsmobs:maggot":15,"minecraft:oak_sapling":2,"minecraft:light_gray_carpet":3,"minecraft:netherrack":8,"minecraft:diamond_pickaxe":3,"minecraft:charcoal":2,"minecraft:crafting_table":13,"minecraft:allium":1,"minecraft:azure_bluet":87,"minecraft:ladder":9,"minecraft:golden_pickaxe":1,"minecraft:leather_leggings":3,"biomesoplenty:flesh":145,"minecraft:gold_block":3,"securitycraft:reinforced_glass_pane":12,"minecraft:diamond_horse_armor":1,"minecraft:chain":27,"minecraft:shield":21,"alexsmobs:cooked_catfish":3,"minecraft:oak_trapdoor":5,"minecraft:red_bed":8,"minecraft:iron_axe":21,"minecraft:white_carpet":9,"minecraft:iron_shovel":6,"artifacts:fire_gauntlet":1,"minecraft:beef":11,"immersive_melodies:trumpet":1,"securitycraft:smart_module":11,"minecraft:iron_nugget":2,"minecraft:poppy":76,"minecraft:spruce_slab":13,"minecraft:lectern":16,"minecraft:sugar_cane":22,"minecraft:chest":68,"minecraft:spruce_trapdoor":73,"minecraft:diamond_hoe":5,"minecraft:raw_iron":128,"minecraft:bowl":1,"minecraft:spruce_fence":1,"sophisticatedbackpacks:backpack":2,"minecraft:polished_blackstone_bricks":3,"farmersdelight:tomato_seeds":8,"minecraft:cookie":126,"minecraft:carrot":3,"minecraft:redstone":39,"minecraft:dark_oak_planks":5,"minecraft:tnt":1,"minecraft:arrow":21,"minecraft:stone_shovel":11,"minecraft:diamond_chestplate":1,"minecraft:diamond_boots":5,"minecraft:saddle":1,"minecraft:gold_ingot":9,"minecraft:mutton":6,"minecraft:bone_block":10,"minecraft:skeleton_skull":1,"minecraft:white_wool":24,"minecraft:basalt":4,"minecraft:golden_carrot":38,"minecraft:glow_ink_sac":3,"securitycraft:reinforced_red_stained_glass_pane":9,"minecraft:leather":11,"minecraft:oak_log":912,"minecraft:ancient_debris":3,"minecraft:golden_boots":3,"minecraft:yellow_bed":12,"minecraft:gunpowder":17,"minecraft:cobblestone_stairs":17,"minecraft:blue_bed":5,"minecraft:white_banner":3,"minecraft:apple":17,"biomesoplenty:glowworm_silk":12,"minecraft:iron_ingot":206,"minecraft:cooked_chicken":1,"minecraft:gray_bed":1,"minecraft:iron_sword":5,"minecraft:book":45,"minecraft:oak_slab":56,"minecraft:pumpkin":525,"minecraft:sweet_berries":19,"minecraft:gravel":113,"minecraft:lava_bucket":2,"biomesoplenty:porous_flesh":1,"minecraft:spruce_sapling":12,"minecraft:red_banner":1,"minecraft:blast_furnace":6,"minecraft:white_bed":2,"minecraft:spruce_log":215,"minecraft:crying_obsidian":1,"artifacts:scarf_of_invisibility":1,"biomesoplenty:glowing_moss_block":1,"minecraft:spider_eye":30,"minecraft:purple_bed":16,"biomesoplenty:maple_sapling":164,"minecraft:pumpkin_seeds":23,"minecraft:stone_axe":10,"minecraft:chainmail_leggings":16,"minecraft:iron_helmet":1,"minecraft:diamond_axe":10,"minecraft:coal":136,"minecraft:hopper":16,"minecraft:ender_pearl":3},"minecraft:custom":{"minecraft:animals_bred":19,"minecraft:interact_with_crafting_table":124,"minecraft:open_barrel":16,"minecraft:eat_cake_slice":5,"minecraft:leave_game":18,"minecraft:time_since_death":1552090,"minecraft:sprint_one_cm":3141584,"minecraft:damage_blocked_by_shield":1725,"minecraft:drop":917,"minecraft:talked_to_villager":621,"minecraft:play_time":1601253,"minecraft:deaths":1,"minecraft:jump":22516,"minecraft:walk_on_water_one_cm":354416,"minecraft:interact_with_furnace":31,"minecraft:traded_with_villager":1264,"minecraft:sleep_in_bed":85,"minecraft:damage_dealt":99159,"minecraft:crouch_one_cm":429994,"minecraft:interact_with_smoker":1,"minecraft:interact_with_smithing_table":2,"minecraft:horse_one_cm":166887,"minecraft:interact_with_anvil":31,"minecraft:mob_kills":551,"minecraft:inspect_hopper":5,"minecraft:damage_dealt_resisted":71,"minecraft:climb_one_cm":34434,"minecraft:walk_one_cm":4079919,"minecraft:damage_dealt_absorbed":452,"minecraft:sneak_time":140288,"minecraft:walk_under_water_one_cm":303234,"minecraft:boat_one_cm":54004,"minecraft:interact_with_blast_furnace":74,"minecraft:total_world_time":1601253,"minecraft:raid_trigger":1,"minecraft:interact_with_grindstone":16,"minecraft:time_since_rest":74073,"minecraft:damage_taken":9321,"minecraft:trigger_trapped_chest":2,"minecraft:swim_one_cm":453926,"minecraft:fly_one_cm":3938790,"minecraft:open_chest":883,"minecraft:fall_one_cm":364461},"minecraft:used":{"minecraft:iron_shovel":2076,"farmersdelight:cabbage_seeds":134,"sophisticatedbackpacks:copper_backpack":2,"minecraft:ladder":17,"minecraft:poppy":5,"minecraft:diamond_hoe":1057,"minecraft:bone_block":3,"minecraft:shield":41,"minecraft:chest":78,"minecraft:iron_sword":970,"minecraft:tuff":3,"minecraft:obsidian":15,"minecraft:glass":20,"minecraft:spruce_boat":1,"minecraft:lava_bucket":256,"minecraft:lantern":12,"biomesoplenty:fir_sapling":2,"minecraft:magma_block":2,"minecraft:furnace":6,"securitycraft:laser_block":35,"farmersdelight:safety_net":2,"minecraft:potato":2,"biomesoplenty:flesh":143,"securitycraft:harming_module":10,"minecraft:golden_boots":1,"minecraft:oak_planks":143,"minecraft:diamond_boots":2,"minecraft:stone_pickaxe":1781,"minecraft:wooden_pickaxe":18,"minecraft:composter":4,"minecraft:chainmail_helmet":1,"minecraft:diamond_axe":1703,"minecraft:blue_bed":5,"minecraft:cookie":324,"minecraft:white_wool":2,"minecraft:blast_furnace":4,"minecraft:crossbow":88,"farmersdelight:rice":7,"securitycraft:universal_block_remover":38,"minecraft:pumpkin_seeds":74,"minecraft:redstone_torch":1,"sophisticatedbackpacks:backpack":2,"minecraft:dark_oak_log":6,"minecraft:string":17,"minecraft:bread":73,"minecraft:lectern":18,"securitycraft:smart_module":12,"minecraft:gravel":16,"minecraft:diamond_sword":443,"minecraft:grindstone":8,"minecraft:smithing_table":7,"minecraft:oak_fence":2,"minecraft:oak_trapdoor":10,"minecraft:bone_meal":30,"sophisticatedbackpacks:iron_backpack":1,"minecraft:stone_sword":32,"minecraft:enchanting_table":1,"minecraft:flint_and_steel":10,"minecraft:stone_shovel":6341,"minecraft:spruce_planks":112,"minecraft:cooked_salmon":1,"minecraft:stone_hoe":125,"minecraft:netherrack":6,"minecraft:torch":626,"minecraft:dirt":6992,"minecraft:anvil":1,"minecraft:hopper":20,"minecraft:spruce_stairs":1,"minecraft:diamond_helmet":2,"minecraft:granite":1,"minecraft:dark_oak_planks":5,"minecraft:chipped_anvil":1,"minecraft:bookshelf":33,"minecraft:iron_axe":986,"minecraft:spruce_button":1,"minecraft:diamond_chestplate":1,"minecraft:basalt":2,"minecraft:golden_carrot":101,"alexsmobs:lobster_bucket":10,"biomesoplenty:blood_bucket":9,"minecraft:powder_snow_bucket":2,"minecraft:cooked_beef":21,"farmersdelight:tomato_seeds":36,"minecraft:cobbled_deepslate":180,"minecraft:pumpkin":97,"minecraft:iron_leggings":2,"minecraft:cooked_mutton":2,"minecraft:wheat_seeds":109,"minecraft:water_bucket":372,"minecraft:cobblestone_stairs":24,"minecraft:spruce_sign":84,"minecraft:cobblestone_slab":1270,"minecraft:fletching_table":16,"minecraft:spruce_fence_gate":1,"minecraft:gilded_blackstone":3,"minecraft:crafting_table":20,"minecraft:oak_slab":244,"minecraft:red_bed":9,"minecraft:white_bed":9,"minecraft:spruce_log":4,"minecraft:cake":1,"minecraft:oak_log":17,"minecraft:diamond_pickaxe":6883,"minecraft:apple":3,"securitycraft:reinforced_red_stained_glass_pane":3,"minecraft:diamond_shovel":1980,"minecraft:suspicious_stew":5,"minecraft:spruce_trapdoor":71,"minecraft:spruce_sapling":8,"minecraft:stone_axe":157,"minecraft:cobblestone":4174,"minecraft:purple_bed":16,"minecraft:white_banner":3,"minecraft:cooked_porkchop":15,"minecraft:bucket":652,"minecraft:pumpkin_pie":2,"minecraft:yellow_bed":12,"alexsmobs:animal_dictionary":5,"minecraft:diamond_leggings":2,"minecraft:chainmail_leggings":1},"minecraft:killed":{"alexsmobs:lobster":2,"minecraft:zombified_piglin":7,"minecraft:spider":56,"minecraft:skeleton":29,"alexsmobs:banana_slug":1,"minecraft:chicken":3,"minecraft:piglin_brute":1,"artifacts:mimic":4,"minecraft:piglin":8,"minecraft:pig":8,"alexsmobs:grizzly_bear":1,"minecraft:salmon":1,"alexsmobs:seal":1,"minecraft:iron_golem":48,"minecraft:creeper":20,"alexsmobs:crimson_mosquito":5,"minecraft:sheep":5,"minecraft:pillager":10,"minecraft:donkey":1,"minecraft:zombie":262,"alexsmobs:terrapin":2,"alexsmobs:fly":15,"minecraft:cow":12,"alexsmobs:tasmanian_devil":4,"alexsmobs:seagull":2,"takesapillage:clay_golem":1,"minecraft:drowned":4,"minecraft:bat":1,"minecraft:squid":1,"alexsmobs:catfish":1,"alexsmobs:crow":1},"minecraft:crafted":{"minecraft:red_stained_glass_pane":8,"minecraft:black_dye":3,"minecraft:oak_planks":3576,"minecraft:chainmail_helmet":9,"minecraft:cobblestone_slab":156,"sophisticatedbackpacks:anvil_upgrade":1,"sophisticatedbackpacks:crafting_upgrade":1,"minecraft:diamond_shovel":9,"farmersdelight:rope":4,"minecraft:bookshelf":35,"minecraft:cooked_mutton":6,"minecraft:suspicious_stew":5,"farmersdelight:safety_net":1,"securitycraft:laser_block":3,"minecraft:cake":1,"sophisticatedbackpacks:smelting_upgrade":1,"minecraft:glass":25,"minecraft:hopper":4,"minecraft:diamond_leggings":6,"minecraft:diamond_helmet":7,"minecraft:bow":22,"minecraft:tipped_arrow":60,"minecraft:chest":23,"minecraft:copper_block":15,"minecraft:stone_hoe":11,"minecraft:oak_fence":3,"minecraft:golden_boots":1,"farmersdelight:tomato_seeds":26,"minecraft:oak_slab":216,"minecraft:emerald":796,"minecraft:arrow":214,"sophisticatedbackpacks:backpack":1,"minecraft:cooked_porkchop":15,"minecraft:diamond_axe":22,"minecraft:crafting_table":10,"minecraft:spruce_planks":684,"minecraft:wooden_pickaxe":1,"minecraft:iron_helmet":1,"minecraft:smithing_table":2,"minecraft:copper_ingot":135,"minecraft:gold_block":7,"minecraft:fletching_table":2,"minecraft:pumpkin_seeds":56,"sophisticatedbackpacks:upgrade_base":5,"biomesoplenty:fir_planks":384,"minecraft:spruce_trapdoor":4,"minecraft:lectern":2,"minecraft:iron_chestplate":9,"minecraft:book":3,"minecraft:diamond_pickaxe":8,"minecraft:shield":17,"sophisticatedbackpacks:diamond_backpack":9,"minecraft:stick":7713,"minecraft:iron_ingot":173,"sophisticatedbackpacks:auto_smelting_upgrade":1,"minecraft:iron_block":13,"minecraft:stone_sword":1,"minecraft:gold_ingot":124,"minecraft:redstone_torch":1,"minecraft:composter":2,"minecraft:spruce_fence_gate":1,"minecraft:shears":2,"securitycraft:universal_block_reinforcer_lvl1":1,"minecraft:golden_carrot":109,"minecraft:cookie":259,"minecraft:stone_shovel":48,"minecraft:diamond_hoe":7,"minecraft:spruce_button":1,"sophisticatedbackpacks:stack_upgrade_tier_1":1,"minecraft:furnace":3,"sophisticatedbackpacks:stack_upgrade_starter_tier":1,"securitycraft:smart_module":1,"minecraft:bone_meal":9,"minecraft:oak_trapdoor":6,"minecraft:glass_pane":32,"minecraft:flint_and_steel":1,"minecraft:lantern":11,"minecraft:iron_axe":14,"minecraft:ladder":9,"securitycraft:universal_block_remover":1,"minecraft:spruce_slab":24,"minecraft:stone_pickaxe":14,"minecraft:diamond_boots":8,"minecraft:redstone_block":3,"minecraft:chainmail_leggings":16,"sophisticatedbackpacks:iron_backpack":1,"securitycraft:portable_radar":1,"minecraft:red_dye":13,"minecraft:crossbow":13,"minecraft:diamond_sword":2,"minecraft:spruce_sign":6,"minecraft:enchanting_table":1,"minecraft:iron_sword":8,"minecraft:red_bed":1,"sophisticatedbackpacks:gold_backpack":1,"minecraft:bucket":1,"minecraft:stone_axe":12,"minecraft:enchanted_book":16,"minecraft:bread":297,"minecraft:air":0,"minecraft:iron_shovel":13,"minecraft:iron_leggings":10,"minecraft:anvil":2,"minecraft:white_bed":7,"minecraft:torch":412,"securitycraft:harming_module":1,"minecraft:diamond_chestplate":8},"minecraft:broken":{"minecraft:iron_shovel":8,"minecraft:stone_pickaxe":13,"minecraft:diamond_shovel":1,"minecraft:diamond_pickaxe":1,"minecraft:stone_axe":1,"minecraft:iron_sword":2,"minecraft:stone_shovel":46,"minecraft:iron_axe":3},"minecraft:dropped":{"minecraft:iron_sword":8,"minecraft:diamond_axe":13,"minecraft:oak_log":1,"minecraft:golden_pickaxe":1,"minecraft:glass_bottle":10,"minecraft:crafting_table":1,"minecraft:crossbow":12,"minecraft:cookie":180,"minecraft:lantern":11,"biomesoplenty:porous_flesh":1,"minecraft:cobblestone_stairs":1,"minecraft:emerald":16,"minecraft:flint":3,"minecraft:dirt":1230,"minecraft:bone_meal":2,"minecraft:sand":1,"minecraft:polished_blackstone_bricks":3,"minecraft:bone":2,"minecraft:gravel":16,"minecraft:stone_axe":21,"minecraft:cooked_chicken":1,"minecraft:cobbled_deepslate":858,"minecraft:rotten_flesh":74,"minecraft:grindstone":1,"minecraft:oak_planks":7,"minecraft:diamond_shovel":3,"minecraft:light_gray_carpet":3,"minecraft:golden_shovel":2,"minecraft:azure_bluet":87,"biomesoplenty:glowing_moss_block":1,"minecraft:poppy":58,"minecraft:leather_chestplate":1,"minecraft:charcoal":2,"minecraft:leather_boots":2,"minecraft:ladder":1,"minecraft:leather_leggings":4,"minecraft:spruce_slab":22,"minecraft:basalt":2,"minecraft:arrow":107,"minecraft:glass":20,"biomesoplenty:flesh":2,"minecraft:netherrack":2,"farmersdelight:tomato_seeds":1,"minecraft:stone_hoe":21,"minecraft:enchanted_book":7,"minecraft:golden_boots":3,"minecraft:bread":428,"minecraft:oak_slab":17,"minecraft:wheat_seeds":112,"minecraft:golden_helmet":3,"minecraft:mossy_cobblestone":3,"minecraft:feather":3,"minecraft:diamond_leggings":5,"minecraft:cobbled_deepslate_wall":1,"biomesoplenty:maple_sapling":164,"minecraft:oak_fence":1,"minecraft:iron_helmet":2,"minecraft:cobblestone":766,"minecraft:granite":55,"minecraft:copper_ingot":10,"minecraft:spruce_stairs":7,"minecraft:chainmail_helmet":17,"minecraft:grass_block":2,"minecraft:stick":2,"minecraft:lava_bucket":2,"minecraft:diorite":84,"minecraft:golden_carrot":26,"minecraft:ink_sac":1,"minecraft:torch":7,"minecraft:gray_bed":1,"minecraft:diamond_helmet":4,"minecraft:iron_leggings":22,"minecraft:pumpkin":2,"minecraft:iron_axe":19,"minecraft:iron_shovel":12,"minecraft:chainmail_leggings":33,"minecraft:string":14,"minecraft:spruce_sapling":1,"minecraft:redstone":1,"minecraft:furnace":1,"minecraft:sweet_berries":19,"alexsmobs:maggot":15,"minecraft:oak_trapdoor":1,"minecraft:stone_sword":1,"minecraft:raw_copper":6,"minecraft:bowl":6,"minecraft:diamond_hoe":4,"minecraft:stone_shovel":13,"farmersdelight:cabbage_seeds":4,"minecraft:white_carpet":9,"minecraft:iron_boots":2,"minecraft:spruce_fence":1,"minecraft:pumpkin_seeds":11,"minecraft:suspicious_stew":5,"minecraft:cobblestone_slab":17,"minecraft:shroomlight":1,"minecraft:shield":28,"minecraft:allium":1,"minecraft:diamond_chestplate":3,"minecraft:spruce_trapdoor":6,"minecraft:spruce_planks":3,"minecraft:diamond_pickaxe":3,"minecraft:iron_chestplate":26,"minecraft:andesite":63,"minecraft:oak_sapling":2,"minecraft:golden_sword":1,"minecraft:redstone_torch":1,"minecraft:barrel":5,"minecraft:spider_eye":29,"minecraft:spruce_log":6,"minecraft:diamond_boots":6,"minecraft:bow":32,"minecraft:stone_pickaxe":1,"minecraft:wooden_pickaxe":1,"farmersdelight:tomato":1}},"DataVersion":3465}