{"stats":{"minecraft:broken":{"minecraft:iron_shovel":1,"minecraft:stone_pickaxe":1,"minecraft:stone_axe":5,"minecraft:iron_sword":1,"taccraft:flak_vest_helmet":1,"minecraft:stone_shovel":25,"minecraft:stone_sword":1,"minecraft:iron_pickaxe":2},"minecraft:custom":{"minecraft:animals_bred":8,"minecraft:interact_with_crafting_table":142,"minecraft:bell_ring":199,"minecraft:leave_game":23,"minecraft:time_since_death":364372,"minecraft:sprint_one_cm":2301730,"minecraft:drop":250,"minecraft:talked_to_villager":63,"minecraft:play_time":956137,"minecraft:deaths":8,"minecraft:jump":16450,"minecraft:walk_on_water_one_cm":46373,"minecraft:interact_with_furnace":41,"minecraft:traded_with_villager":55,"minecraft:interact_with_cartography_table":1,"minecraft:sleep_in_bed":31,"minecraft:damage_dealt":69244,"minecraft:crouch_one_cm":256421,"minecraft:mob_kills":369,"minecraft:interact_with_campfire":208,"minecraft:damage_dealt_resisted":2150,"minecraft:climb_one_cm":38282,"minecraft:walk_one_cm":2121600,"minecraft:damage_dealt_absorbed":60,"minecraft:sneak_time":104481,"minecraft:walk_under_water_one_cm":23437,"minecraft:boat_one_cm":394521,"minecraft:interact_with_blast_furnace":11,"minecraft:total_world_time":956137,"minecraft:interact_with_grindstone":2,"minecraft:time_since_rest":10914,"minecraft:damage_taken":9472,"minecraft:swim_one_cm":17623,"minecraft:fly_one_cm":2950918,"minecraft:open_chest":361,"minecraft:fish_caught":5,"minecraft:fall_one_cm":381713},"minecraft:killed_by":{"minecraft:drowned":1,"minecraft:zombie":1,"rottencreatures:undead_miner":1,"minecraft:iron_golem":1,"naturalist:bear":1},"minecraft:mined":{"minecraft:spruce_planks":237,"minecraft:farmland":34,"minecraft:cobblestone_stairs":4,"minecraft:obsidian":5,"minecraft:spruce_trapdoor":76,"minecraft:grass_block":1643,"biomesoplenty:flowering_oak_leaves":1,"minecraft:light_gray_bed":15,"farmersdelight:budding_tomatoes":20,"minecraft:composter":4,"minecraft:iron_ore":5,"farmersdelight:rice":1,"minecraft:cobbled_deepslate":14,"minecraft:fire":1,"minecraft:pumpkin":7,"supplementaries:globe":1,"minecraft:azure_bluet":3,"minecraft:red_tulip":1,"supplementaries:stick":2,"minecraft:water_cauldron":1,"minecraft:dirt_path":209,"minecraft:light_gray_concrete":3,"minecraft:pink_tulip":1,"minecraft:torch":45,"minecraft:blast_furnace":1,"minecraft:poppy":5,"minecraft:chest":5,"supplementaries:wild_flax":3,"farmersdelight:cabbages":5,"minecraft:cobblestone":229,"minecraft:grindstone":2,"minecraft:oak_planks":54,"minecraft:sugar_cane":13,"bunker_down:underroot":3,"minecraft:wall_torch":24,"farmersdelight:sandy_shrub":6,"minecraft:mud":1,"minecraft:wheat":56,"minecraft:lilac":1,"biomesoplenty:maple_leaves":19,"minecraft:orange_tulip":1,"biomesoplenty:fir_log":11,"minecraft:grass":319,"minecraft:oak_log":46,"minecraft:sand":51,"minecraft:dirt":1552,"minecraft:piston":6,"minecraft:oak_leaves":72,"minecraft:deepslate":60,"minecraft:mossy_cobblestone":21,"vm:vending_machine":1,"farmersdelight:wild_carrots":13,"biomesoplenty:bush":1,"minecraft:spruce_fence":25,"minecraft:redstone_wire":1,"farmersdelight:tomatoes":3,"minecraft:spruce_leaves":9,"minecraft:kelp":1,"minecraft:cartography_table":1,"minecraft:large_fern":2,"minecraft:furnace":3,"minecraft:carrots":30,"biomesoplenty:toadstool":25,"supplementaries:flax":6,"minecraft:andesite":3,"minecraft:stripped_spruce_log":10,"bunker_down:steel_vent":1,"minecraft:potatoes":59,"minecraft:cobblestone_slab":35,"minecraft:deepslate_iron_ore":13,"crittersandcompanions:silk_cocoon":1,"bunker_down:steel_block":5,"minecraft:stone":778,"farmersdelight:cooking_pot":3,"minecraft:smithing_table":3,"minecraft:glass_pane":10,"minecraft:lily_of_the_valley":17,"minecraft:dandelion":3,"minecraft:spruce_door":3,"minecraft:oak_fence":4,"minecraft:crafting_table":20,"minecraft:light_gray_concrete_powder":1,"biomesoplenty:fir_planks":9,"minecraft:rose_bush":11,"minecraft:copper_ore":3,"minecraft:tall_grass":28,"minecraft:lapis_ore":4,"biomesoplenty:sprout":158,"minecraft:diorite":5,"minecraft:blue_bed":1,"supplementaries:urn":4,"minecraft:spruce_stairs":2,"farmersdelight:wild_beetroots":10,"minecraft:purple_bed":1,"minecraft:cobblestone_wall":138,"minecraft:sweet_berry_bush":94,"minecraft:spruce_log":297,"minecraft:coal_ore":6,"biomesoplenty:fir_leaves":56,"minecraft:gravel":201,"minecraft:cobweb":7,"minecraft:spruce_fence_gate":1,"minecraft:fern":8},"minecraft:dropped":{"minecraft:iron_sword":2,"minecraft:orange_tulip":1,"farmersdelight:cooked_bacon":17,"biomesoplenty:fir_sapling":3,"minecraft:cobblestone_stairs":2,"minecraft:dirt":84,"minecraft:sand":14,"marbledsarsenal:baseball_bat":1,"taccraft:flak_vest_helmet":1,"minecraft:blue_bed":1,"minecraft:gravel":5,"minecraft:white_tulip":1,"minecraft:stone_axe":4,"minecraft:iron_nugget":3,"minecraft:cobbled_deepslate":11,"minecraft:wheat":1,"minecraft:rotten_flesh":54,"minecraft:oak_planks":10,"minecraft:fern":1,"minecraft:azure_bluet":3,"minecraft:poppy":3,"supplementaries:flax_seeds":5,"minecraft:leather_leggings":1,"bunker_down:underroot_stage_1":6,"minecraft:arrow":10,"cold_sweat:fur_pants":2,"minecraft:water_bucket":1,"minecraft:iron_ingot":4,"minecraft:bread":1,"minecraft:wheat_seeds":67,"minecraft:mossy_cobblestone":17,"minecraft:poisonous_potato":1,"minecraft:feather":4,"minecraft:cobblestone":23,"minecraft:granite":2,"minecraft:copper_ingot":1,"minecraft:spruce_door":1,"minecraft:spruce_stairs":2,"minecraft:stick":4,"minecraft:spruce_fence_gate":3,"minecraft:diorite":139,"minecraft:torch":7,"marbledsarsenal:barbed_baseball_bat":1,"minecraft:rose_bush":14,"minecraft:potion":2,"minecraft:oak_stairs":1,"minecraft:iron_axe":1,"bunker_down:brittle_pickaxe":1,"minecraft:dandelion":4,"minecraft:sweet_berries":44,"minecraft:cobblestone_wall":3,"minecraft:raw_copper":5,"farmersdelight:cabbage_seeds":2,"minecraft:stone_shovel":7,"minecraft:chicken":2,"farmersdelight:tomato_sauce":16,"sophisticatedbackpacks:backpack":2,"minecraft:spruce_fence":1,"minecraft:lily_of_the_valley":7,"minecraft:diamond_sword":1,"cold_sweat:fur_cap":2,"minecraft:potato":9,"minecraft:cobblestone_slab":16,"farmersdelight:fried_egg":2,"minecraft:spruce_planks":3,"minecraft:spruce_trapdoor":4,"minecraft:andesite":5,"minecraft:light_gray_bed":1,"minecraft:oak_sapling":6,"bunker_down:steel_block":1,"minecraft:redstone_torch":5,"minecraft:spruce_log":1,"minecraft:bow":1,"minecraft:stone_pickaxe":9,"farmersdelight:tomato":2,"farmersdelight:diamond_knife":2},"minecraft:used":{"minecraft:iron_shovel":146,"minecraft:spruce_slab":1,"minecraft:poppy":4,"minecraft:chest":13,"minecraft:iron_sword":250,"marbledsarsenal:barbed_baseball_bat":168,"minecraft:farmland":4,"minecraft:rotten_flesh":151,"minecraft:iron_chestplate":2,"supplementaries:globe":1,"minecraft:lily_of_the_valley":10,"minecraft:skeleton_spawn_egg":3,"securitycraft:keypad_item":1,"minecraft:carrot":37,"minecraft:azure_bluet":4,"minecraft:stripped_spruce_log":10,"minecraft:milk_bucket":17,"minecraft:spruce_boat":6,"minecraft:lava_bucket":7,"farmersdelight:tomato":22,"farmersdelight:rotten_tomato":13,"taccraft:flak_vest_helmet":2,"farmersdelight:tomato_sauce":102,"minecraft:bow":14,"minecraft:sweet_berries":711,"minecraft:furnace":7,"minecraft:egg":18,"minecraft:potato":156,"bunker_down:steel_vent":3,"minecraft:spruce_door":3,"minecraft:stone_pickaxe":478,"minecraft:oak_planks":59,"minecraft:orange_tulip":1,"biomesoplenty:fir_planks":35,"minecraft:composter":4,"minecraft:sugar_cane":7,"minecraft:blue_bed":1,"minecraft:sand":33,"minecraft:blast_furnace":1,"farmersdelight:rice":1,"minecraft:creeper_spawn_egg":2,"cold_sweat:fur_pants":2,"bunker_down:steel_block":3,"minecraft:light_gray_concrete":2,"minecraft:bread":14,"minecraft:gravel":149,"minecraft:lilac":1,"supplementaries:flax_seeds":1,"minecraft:diamond_sword":56,"minecraft:smithing_table":4,"minecraft:andesite":1,"minecraft:air":2,"minecraft:bone_meal":47,"minecraft:cobweb":3,"minecraft:oak_fence":6,"marbledsarsenal:baseball_bat":293,"minecraft:netherite_sword":6,"minecraft:rose_bush":15,"minecraft:stone_sword":131,"farmersdelight:diamond_knife":7,"minecraft:armor_stand":2,"securitycraft:keypad_chest":1,"minecraft:stone_shovel":3331,"minecraft:silverfish_spawn_egg":1,"minecraft:spruce_planks":216,"minecraft:wither_skeleton_spawn_egg":1,"minecraft:stone_hoe":238,"minecraft:stick":2,"minecraft:torch":143,"minecraft:dirt":582,"cgm:workbench":1,"bunker_down:brittle_pickaxe":2,"minecraft:cobblestone_wall":185,"minecraft:granite":2,"minecraft:spruce_fence":101,"minecraft:red_tulip":1,"minecraft:iron_axe":189,"minecraft:spruce_button":1,"marbledsarsenal:katana":469,"farmersdelight:cooking_pot":4,"naturalist:bass_bucket":2,"minecraft:cooked_beef":3,"farmersdelight:tomato_seeds":104,"minecraft:cobbled_deepslate":51,"minecraft:light_gray_bed":11,"farmersdelight:fried_egg":2,"minecraft:wheat_seeds":15,"minecraft:cooked_mutton":2,"minecraft:water_bucket":111,"minecraft:pink_tulip":2,"minecraft:lead":1,"minecraft:glass_bottle":51,"minecraft:baked_potato":8,"minecraft:cobblestone_slab":66,"minecraft:cauldron":2,"minecraft:fletching_table":2,"minecraft:spruce_fence_gate":1,"minecraft:crafting_table":29,"minecraft:light_gray_concrete_powder":9,"minecraft:spruce_log":70,"minecraft:mud":1,"minecraft:piston":11,"farmersdelight:apple_cider":3,"minecraft:diamond_pickaxe":616,"minecraft:apple":1,"bunker_down:underroot_stage_1":2,"minecraft:iron_pickaxe":292,"minecraft:spruce_trapdoor":27,"minecraft:stone_axe":897,"minecraft:fishing_rod":11,"farmersdelight:cooked_bacon":44,"minecraft:cobblestone":323,"minecraft:potion":59,"minecraft:cooked_porkchop":16,"minecraft:bucket":121,"minecraft:kelp":13,"minecraft:dandelion":3},"minecraft:crafted":{"minecraft:light_gray_concrete_powder":8,"minecraft:oak_planks":184,"minecraft:cobblestone_slab":48,"minecraft:stone":8,"securitycraft:keypad_item":1,"minecraft:heavy_weighted_pressure_plate":1,"minecraft:bow":4,"sophisticatedbackpacks:copper_backpack":1,"farmersdelight:tomato_sauce":1,"minecraft:chest":7,"minecraft:stone_hoe":2,"minecraft:oak_fence":3,"farmersdelight:tomato_seeds":85,"sophisticatedbackpacks:backpack":1,"minecraft:arrow":48,"minecraft:emerald":33,"minecraft:cauldron":1,"minecraft:crafting_table":9,"minecraft:spruce_planks":1000,"minecraft:smithing_table":1,"minecraft:fletching_table":2,"biomesoplenty:fir_planks":56,"minecraft:spruce_trapdoor":2,"minecraft:iron_chestplate":1,"minecraft:book":2,"minecraft:paper":6,"minecraft:charcoal":3,"minecraft:stick":1268,"minecraft:iron_ingot":19,"minecraft:iron_pickaxe":1,"minecraft:stone_sword":1,"minecraft:gold_ingot":2,"minecraft:light_gray_dye":1,"minecraft:spruce_fence_gate":1,"minecraft:stone_shovel":31,"minecraft:fishing_rod":1,"minecraft:iron_nugget":9,"minecraft:spruce_button":1,"minecraft:furnace":4,"minecraft:stone_button":8,"minecraft:bone_meal":30,"minecraft:spruce_fence":105,"minecraft:iron_axe":1,"minecraft:spruce_slab":6,"minecraft:stone_pickaxe":11,"minecraft:cobblestone_wall":144,"minecraft:spruce_boat":2,"cgm:workbench":1,"minecraft:red_dye":3,"minecraft:diamond_sword":1,"minecraft:iron_sword":1,"minecraft:bowl":72,"farmersdelight:cooking_pot":1,"minecraft:stone_axe":19,"minecraft:bread":7,"minecraft:air":0,"minecraft:potion":4,"minecraft:gold_nugget":3,"farmersdelight:diamond_knife":3,"minecraft:torch":64},"minecraft:killed":{"minecraft:zombified_piglin":28,"rottencreatures:burned":1,"naturalist:robin":3,"minecraft:zombie_horse":1,"naturalist:snail":1,"minecraft:skeleton":2,"minecraft:chicken":5,"minecraft:pig":7,"minecraft:zombie_villager":5,"minecraft:sheep":2,"minecraft:zombie":112,"minecraft:donkey":1,"minecraft:cow":1,"hordes:zombie_player":1,"minecraft:drowned":41,"rottencreatures:undead_miner":5,"minecraft:husk":112,"naturalist:bear":2},"minecraft:picked_up":{"minecraft:wheat":25,"cold_sweat:fur_cap":2,"minecraft:smithing_table":3,"minecraft:lead":4,"minecraft:diamond_sword":1,"minecraft:oak_stairs":1,"minecraft:potion":149,"minecraft:golden_sword":3,"minecraft:string":7,"minecraft:raw_copper":7,"flashlight:flashlight":2,"minecraft:beetroot":2,"minecraft:gold_nugget":22,"minecraft:cobbled_deepslate":71,"biomesoplenty:fir_planks":3,"minecraft:bucket":1,"minecraft:spruce_planks":313,"minecraft:white_tulip":1,"minecraft:rose_bush":15,"minecraft:redstone_torch":5,"minecraft:cobblestone_slab":49,"minecraft:iron_pickaxe":1,"farmersdelight:cabbage_seeds":5,"minecraft:furnace":4,"minecraft:stick":11,"farmersdelight:rotten_tomato":19,"minecraft:composter":4,"minecraft:oak_fence":3,"minecraft:torch":107,"minecraft:spruce_stairs":2,"minecraft:porkchop":36,"minecraft:diorite":75,"farmersdelight:chicken_cuts":4,"minecraft:cauldron":1,"farmersdelight:fried_egg":60,"minecraft:rotten_flesh":359,"minecraft:light_gray_bed":14,"minecraft:red_tulip":1,"minecraft:obsidian":4,"minecraft:cod":3,"minecraft:cobblestone":989,"minecraft:nautilus_shell":2,"minecraft:cooked_beef":2,"taccraft:flak_vest_helmet":2,"minecraft:feather":12,"cold_sweat:fur_pants":2,"minecraft:lilac":1,"farmersdelight:rice":2,"minecraft:water_bucket":2,"minecraft:andesite":6,"taccraft:nylon_stripe":1,"bunker_down:steel_vent":1,"minecraft:potato":163,"biomesoplenty:fir_sapling":3,"biomesoplenty:fir_log":11,"minecraft:flint":17,"supplementaries:flax_seeds":11,"farmersdelight:cooked_bacon":38,"minecraft:lapis_lazuli":28,"farmersdelight:tomato":567,"minecraft:dirt":3199,"minecraft:light_gray_concrete_powder":1,"minecraft:bone":12,"minecraft:wheat_seeds":181,"minecraft:orange_tulip":2,"minecraft:grindstone":2,"minecraft:stone_hoe":1,"minecraft:oak_planks":91,"biomesoplenty:toadstool":22,"minecraft:cooked_porkchop":16,"minecraft:poisonous_potato":1,"minecraft:sand":51,"minecraft:stripped_spruce_log":10,"minecraft:lily_of_the_valley":15,"minecraft:mossy_cobblestone":22,"minecraft:light_gray_concrete":3,"minecraft:spruce_fence_gate":3,"minecraft:diamond":2,"minecraft:spruce_boat":6,"minecraft:granite":4,"minecraft:bone_meal":25,"minecraft:emerald":5,"flashlight:smallredstonebattery":2,"minecraft:oak_sapling":7,"minecraft:diamond_pickaxe":2,"minecraft:mud":1,"minecraft:crafting_table":22,"minecraft:azure_bluet":6,"minecraft:chicken":7,"minecraft:ladder":2,"minecraft:leather_leggings":1,"farmersdelight:tomato_sauce":6,"marbledsapi:steel_sheet":1,"marbledsarsenal:baseball_bat":1,"farmersdelight:diamond_knife":1,"supplementaries:globe":1,"minecraft:iron_shovel":1,"minecraft:cartography_table":1,"minecraft:beef":3,"minecraft:iron_nugget":6,"minecraft:poppy":9,"minecraft:sugar_cane":25,"minecraft:chest":5,"crittersandcompanions:clam":46,"minecraft:piston":11,"minecraft:spruce_trapdoor":77,"minecraft:egg":80,"minecraft:raw_iron":21,"minecraft:copper_ingot":4,"farmersdelight:minced_beef":4,"minecraft:spruce_fence":25,"sophisticatedbackpacks:backpack":2,"farmersdelight:tomato_seeds":31,"marbledsarsenal:katana":1,"minecraft:carrot":96,"minecraft:redstone":22,"minecraft:arrow":4,"minecraft:stone_shovel":3,"minecraft:beetroot_seeds":10,"crittersandcompanions:silk":15,"minecraft:pink_tulip":2,"minecraft:gold_ingot":2,"sophisticatedbackpacks:copper_backpack":1,"minecraft:mutton":6,"minecraft:white_wool":4,"minecraft:salmon":2,"minecraft:leather":9,"minecraft:fern":1,"minecraft:oak_log":44,"minecraft:cobblestone_wall":159,"minecraft:cobblestone_stairs":4,"minecraft:blue_bed":2,"bunker_down:steel_block":6,"minecraft:apple":1,"farmersdelight:cooking_pot":3,"minecraft:kelp":66,"minecraft:rabbit_hide":3,"farmersdelight:apple_cider":2,"minecraft:iron_ingot":10,"minecraft:stone_pickaxe":2,"minecraft:cobweb":3,"minecraft:glass_bottle":5,"minecraft:iron_sword":1,"minecraft:pumpkin":7,"minecraft:sweet_berries":738,"bunker_down:underroot_stage_1":12,"minecraft:dandelion":4,"minecraft:gravel":175,"minecraft:blast_furnace":1,"minecraft:spruce_log":300,"minecraft:spruce_door":6,"minecraft:pumpkin_seeds":4,"minecraft:purple_bed":1,"minecraft:stone_axe":2,"minecraft:iron_helmet":1,"minecraft:baked_potato":8,"minecraft:coal":28,"minecraft:sunflower":1}},"DataVersion":3120}