{"stats":{"minecraft:custom":{"minecraft:interact_with_crafting_table":126,"minecraft:open_barrel":16,"minecraft:eat_cake_slice":5,"minecraft:leave_game":19,"minecraft:time_since_death":102600,"minecraft:damage_blocked_by_shield":3146,"minecraft:play_time":1840271,"minecraft:deaths":13,"minecraft:jump":28317,"minecraft:interact_with_furnace":31,"minecraft:traded_with_villager":1360,"minecraft:sleep_in_bed":86,"minecraft:waystone_activated":1,"minecraft:damage_dealt":133261,"minecraft:interact_with_smoker":1,"minecraft:horse_one_cm":166887,"minecraft:interact_with_smithing_table":2,"minecraft:interact_with_anvil":34,"minecraft:inspect_hopper":5,"minecraft:damage_dealt_absorbed":514,"minecraft:sneak_time":152062,"minecraft:interact_with_blast_furnace":74,"minecraft:total_world_time":1840271,"minecraft:time_since_rest":102627,"minecraft:swim_one_cm":476863,"minecraft:fly_one_cm":5021397,"minecraft:open_chest":979,"minecraft:fall_one_cm":486282,"minecraft:animals_bred":19,"minecraft:sprint_one_cm":4019142,"minecraft:drop":1091,"minecraft:talked_to_villager":668,"minecraft:walk_on_water_one_cm":364357,"minecraft:crouch_one_cm":474134,"minecraft:mob_kills":733,"minecraft:damage_dealt_resisted":71,"minecraft:climb_one_cm":36842,"minecraft:walk_one_cm":4643525,"minecraft:raid_win":2,"minecraft:walk_under_water_one_cm":311724,"minecraft:boat_one_cm":344685,"minecraft:raid_trigger":2,"minecraft:interact_with_grindstone":17,"minecraft:damage_taken":23226,"minecraft:trigger_trapped_chest":2},"minecraft:mined":{"minecraft:dark_oak_planks":5,"minecraft:white_bed":2,"biomesoplenty:brimstone":3,"minecraft:obsidian":58,"minecraft:granite":55,"minecraft:chiseled_polished_blackstone":3,"biomesoplenty:eyebulb":5,"minecraft:hopper":16,"minecraft:polished_blackstone_bricks":305,"minecraft:magma_block":18,"minecraft:cobbled_deepslate":28,"minecraft:fire":16,"minecraft:barrel":6,"minecraft:pumpkin":545,"minecraft:fletching_table":15,"minecraft:deepslate_lapis_ore":8,"biomesoplenty:flesh_tendons":3,"minecraft:twisting_vines":27,"minecraft:dirt_path":17,"farmersdelight:wild_potatoes":1,"minecraft:tripwire":13,"minecraft:brown_mushroom":1,"minecraft:red_bed":8,"biomesoplenty:glowworm_silk":13,"minecraft:smoker":4,"minecraft:soul_fire":4,"minecraft:powder_snow":7,"biomesoplenty:brimstone_fumarole":2,"minecraft:torch":83,"minecraft:blast_furnace":6,"minecraft:spruce_wall_sign":42,"farmersdelight:cabbages":90,"minecraft:sugar_cane":7,"minecraft:spruce_sign":5,"minecraft:skeleton_skull":3,"minecraft:chain":13,"biomesoplenty:glowworm_silk_strand":4,"minecraft:wheat":64,"minecraft:magenta_bed":1,"biomesoplenty:large_rose_quartz_bud":9,"minecraft:pumpkin_stem":8,"minecraft:grass":181,"minecraft:deepslate":1041,"minecraft:attached_pumpkin_stem":4,"minecraft:mossy_cobblestone":3,"biomesoplenty:desert_grass":1,"minecraft:dark_oak_log":6,"minecraft:spruce_fence":1,"biomesoplenty:dead_grass":9,"minecraft:andesite":64,"biomesoplenty:flesh":227,"biomesoplenty:brimstone_bud":1,"biomesoplenty:high_grass":8,"minecraft:cobblestone_slab":456,"biomesoplenty:barley":4,"biomesoplenty:rose_quartz_cluster":4,"minecraft:bone_block":28,"minecraft:white_wool":2,"minecraft:smithing_table":6,"biomesoplenty:porous_flesh":3,"minecraft:oak_slab":47,"minecraft:light_gray_carpet":3,"minecraft:glass_pane":1,"minecraft:cobbled_deepslate_wall":1,"biomesoplenty:small_rose_quartz_bud":1,"minecraft:warped_roots":4,"minecraft:campfire":6,"biomesoplenty:high_grass_plant":8,"minecraft:copper_ore":20,"minecraft:deepslate_gold_ore":26,"minecraft:diorite":69,"minecraft:purple_bed":16,"minecraft:trapped_chest":1,"minecraft:white_carpet":9,"minecraft:spruce_log":213,"minecraft:red_wall_banner":1,"minecraft:gravel":128,"minecraft:chipped_anvil":1,"minecraft:gold_ore":12,"minecraft:fern":94,"biomesoplenty:glowshroom":2,"minecraft:spruce_planks":40,"minecraft:farmland":4,"minecraft:cobblestone_stairs":17,"minecraft:spruce_trapdoor":71,"minecraft:grass_block":5389,"biomesoplenty:rose_quartz_block":39,"minecraft:cracked_polished_blackstone_bricks":94,"minecraft:composter":2,"minecraft:gilded_blackstone":6,"biomesoplenty:pus_bubble":5,"biomesoplenty:blackstone_bulb":6,"farmersdelight:wild_rice":4,"farmersdelight:rice":2,"minecraft:iron_ore":82,"minecraft:anvil":1,"minecraft:azure_bluet":33,"biomesoplenty:medium_rose_quartz_bud":2,"minecraft:deepslate_redstone_ore":9,"minecraft:blackstone":49,"minecraft:twisting_vines_plant":16,"minecraft:poppy":7,"minecraft:chest":80,"farmersdelight:safety_net":2,"minecraft:nether_quartz_ore":34,"minecraft:cobblestone":2094,"minecraft:grindstone":9,"minecraft:oak_planks":90,"minecraft:wall_torch":56,"minecraft:warped_nylium":8,"biomesoplenty:hair":7,"biomesoplenty:maple_leaves":1634,"minecraft:tnt":1,"biomesoplenty:fir_log":100,"biomesoplenty:clover":344,"minecraft:oak_log":946,"minecraft:sand":20,"minecraft:dirt":4794,"minecraft:netherrack":1518,"minecraft:oak_leaves":16,"biomesoplenty:glowing_moss_block":1,"minecraft:nether_gold_ore":17,"minecraft:diamond_ore":1,"minecraft:tuff":3,"minecraft:deepslate_diamond_ore":16,"minecraft:candle":1,"farmersdelight:tomatoes":8,"minecraft:spruce_leaves":47,"minecraft:large_fern":5,"minecraft:oak_trapdoor":5,"minecraft:furnace":7,"minecraft:nether_sprouts":2,"minecraft:gold_block":30,"minecraft:bookshelf":15,"minecraft:deepslate_iron_ore":47,"minecraft:shroomlight":1,"minecraft:lantern":7,"minecraft:packed_ice":12,"biomesoplenty:flesh_tendons_strand":3,"minecraft:stone":4179,"minecraft:podzol":12,"minecraft:basalt":25,"minecraft:crafting_table":14,"minecraft:lectern":16,"biomesoplenty:sprout":5,"biomesoplenty:huge_clover_petal":127,"minecraft:lapis_ore":33,"minecraft:polished_blackstone_brick_stairs":25,"minecraft:blue_bed":5,"minecraft:spruce_stairs":4,"minecraft:sweet_berry_bush":4,"minecraft:ice":1,"biomesoplenty:pink_daffodil":1,"minecraft:gray_bed":4,"minecraft:yellow_bed":14,"minecraft:coal_ore":134,"biomesoplenty:fir_leaves":32},"minecraft:picked_up":{"minecraft:iron_chestplate":15,"minecraft:chainmail_boots":3,"minecraft:anvil":1,"minecraft:suspicious_stew":5,"securitycraft:laser_block":32,"minecraft:smithing_table":6,"minecraft:enchanted_book":2,"minecraft:golden_shovel":1,"minecraft:golden_sword":1,"minecraft:polished_blackstone_brick_stairs":24,"minecraft:string":149,"minecraft:cooked_salmon":1,"minecraft:shroomlight":1,"minecraft:diamond_leggings":5,"minecraft:gold_nugget":94,"minecraft:cobbled_deepslate":1038,"minecraft:spruce_planks":41,"minecraft:golden_helmet":6,"minecraft:composter":2,"minecraft:golden_axe":5,"securitycraft:lens":24,"biomesoplenty:rose_quartz_chunk":11,"securitycraft:harming_module":9,"minecraft:iron_block":4,"minecraft:magma_block":12,"minecraft:feather":3,"minecraft:cooked_beef":33,"farmersdelight:rice":6,"farmersdelight:safety_net":2,"minecraft:smoker":4,"biomesoplenty:fir_log":96,"biomesoplenty:fir_sapling":2,"minecraft:flint":15,"minecraft:lantern":20,"farmersdelight:tomato":36,"artifacts:shock_pendant":1,"minecraft:twisting_vines":36,"securitycraft:reinforced_stone_button":8,"minecraft:chipped_anvil":1,"minecraft:diamond_helmet":1,"minecraft:chiseled_polished_blackstone":4,"minecraft:ink_sac":4,"sophisticatedbackpacks:iron_backpack":1,"minecraft:trapped_chest":1,"minecraft:dark_oak_log":6,"minecraft:barrel":5,"alexsmobs:animal_dictionary":1,"minecraft:snout_armor_trim_smithing_template":3,"minecraft:granite":56,"minecraft:chainmail_helmet":10,"minecraft:golden_horse_armor":3,"minecraft:bread":81,"alexsmobs:maggot":15,"minecraft:light_gray_carpet":3,"minecraft:diamond_pickaxe":4,"minecraft:crafting_table":13,"minecraft:leather_leggings":3,"minecraft:golden_pickaxe":1,"alexsmobs:cooked_catfish":5,"minecraft:red_bed":8,"minecraft:white_carpet":9,"minecraft:iron_shovel":6,"minecraft:beef":11,"minecraft:poppy":109,"securitycraft:smart_module":11,"minecraft:iron_nugget":35,"minecraft:spruce_slab":13,"minecraft:chest":78,"minecraft:diamond_hoe":5,"sophisticatedbackpacks:backpack":2,"minecraft:spruce_fence":1,"farmersdelight:tomato_seeds":8,"minecraft:carrot":3,"minecraft:redstone":44,"minecraft:tnt":1,"minecraft:stone_shovel":13,"minecraft:diamond_chestplate":1,"minecraft:beetroot_seeds":4,"minecraft:diamond_boots":5,"minecraft:gold_ingot":19,"minecraft:totem_of_undying":10,"minecraft:mutton":6,"minecraft:white_wool":24,"minecraft:bone_block":41,"immersive_melodies:bagpipe":1,"minecraft:oak_log":938,"minecraft:ancient_debris":6,"minecraft:golden_boots":7,"minecraft:blue_bed":5,"minecraft:white_banner":16,"minecraft:apple":17,"minecraft:stone_pickaxe":2,"minecraft:gray_bed":1,"minecraft:iron_sword":7,"minecraft:sweet_berries":19,"minecraft:gravel":135,"minecraft:spruce_sapling":12,"minecraft:spruce_log":215,"minecraft:crying_obsidian":10,"minecraft:diamond_shovel":3,"biomesoplenty:maple_sapling":164,"minecraft:purple_bed":16,"minecraft:stone_axe":16,"minecraft:diamond_axe":10,"minecraft:warped_roots":6,"minecraft:melon_seeds":12,"minecraft:hopper":16,"minecraft:ender_pearl":3,"minecraft:wheat":53,"minecraft:potion":3,"minecraft:gilded_blackstone":13,"minecraft:raw_copper":71,"minecraft:iron_leggings":10,"biomesoplenty:brimstone":2,"alexsmobs:blood_sac":5,"minecraft:bucket":1,"farmersdelight:cabbage":71,"minecraft:redstone_torch":1,"minecraft:cobblestone_slab":455,"minecraft:iron_boots":1,"farmersdelight:cabbage_seeds":209,"minecraft:furnace":6,"minecraft:tipped_arrow":1,"biomesoplenty:rose_quartz_block":41,"minecraft:stick":123,"minecraft:torch":235,"minecraft:spruce_stairs":8,"minecraft:porkchop":15,"minecraft:diorite":84,"minecraft:rotten_flesh":195,"immersive_melodies:flute":1,"artifacts:panic_necklace":1,"minecraft:obsidian":86,"minecraft:cobblestone":5744,"minecraft:leather_chestplate":1,"minecraft:magma_cream":41,"minecraft:andesite":63,"minecraft:golden_leggings":2,"biomesoplenty:glowshroom":1,"minecraft:potato":3,"minecraft:tuff":3,"minecraft:lapis_lazuli":270,"minecraft:dirt":10861,"minecraft:leather_boots":1,"minecraft:glass":16,"minecraft:bone":51,"minecraft:bow":14,"minecraft:wheat_seeds":223,"minecraft:cobbled_deepslate_wall":1,"minecraft:raw_gold":37,"minecraft:grindstone":9,"minecraft:fletching_table":15,"minecraft:oak_planks":144,"minecraft:stone_hoe":12,"minecraft:cooked_porkchop":10,"minecraft:sand":21,"minecraft:grass_block":3,"minecraft:spectral_arrow":16,"minecraft:mossy_cobblestone":3,"minecraft:sugar":2,"minecraft:diamond":17,"minecraft:spruce_boat":3,"waystones:waystone":1,"minecraft:cracked_polished_blackstone_bricks":105,"minecraft:crossbow":2,"minecraft:bone_meal":40,"minecraft:golden_apple":1,"minecraft:spruce_sign":66,"minecraft:emerald":59,"biomesoplenty:pink_daffodil":1,"minecraft:oak_sapling":3,"minecraft:netherrack":1259,"minecraft:charcoal":2,"minecraft:allium":1,"minecraft:azure_bluet":87,"minecraft:splash_potion":1,"minecraft:ladder":9,"minecraft:brown_mushroom":1,"biomesoplenty:flesh":201,"securitycraft:reinforced_glass_pane":12,"minecraft:gold_block":45,"minecraft:diamond_horse_armor":1,"minecraft:chain":29,"minecraft:shield":21,"minecraft:oak_trapdoor":5,"minecraft:iron_axe":29,"takesapillage:ravager_horn":7,"artifacts:fire_gauntlet":1,"minecraft:blackstone":67,"immersive_melodies:trumpet":1,"minecraft:lectern":16,"minecraft:sugar_cane":22,"minecraft:spruce_trapdoor":81,"minecraft:raw_iron":128,"minecraft:bowl":1,"minecraft:polished_blackstone_bricks":360,"minecraft:cookie":128,"minecraft:iron_horse_armor":2,"minecraft:dark_oak_planks":5,"minecraft:arrow":80,"minecraft:pumpkin_pie":2,"minecraft:saddle":1,"minecraft:skeleton_skull":1,"minecraft:basalt":18,"minecraft:golden_carrot":55,"minecraft:glow_ink_sac":3,"securitycraft:reinforced_red_stained_glass_pane":9,"minecraft:leather":18,"minecraft:chainmail_chestplate":2,"minecraft:yellow_bed":12,"minecraft:gunpowder":24,"minecraft:cobblestone_stairs":17,"biomesoplenty:glowworm_silk":12,"minecraft:iron_ingot":296,"minecraft:cooked_chicken":1,"minecraft:soul_sand":85,"minecraft:book":55,"minecraft:oak_slab":56,"minecraft:warped_fungus":1,"minecraft:pumpkin":541,"minecraft:quartz":44,"minecraft:lava_bucket":2,"biomesoplenty:porous_flesh":3,"minecraft:red_banner":1,"minecraft:blast_furnace":6,"minecraft:white_bed":2,"artifacts:scarf_of_invisibility":1,"biomesoplenty:glowing_moss_block":1,"minecraft:spider_eye":60,"minecraft:pumpkin_seeds":23,"minecraft:chainmail_leggings":20,"minecraft:iron_helmet":1,"immersive_melodies:didgeridoo":1,"minecraft:coal":138},"minecraft:broken":{"minecraft:diamond_helmet":2,"takesapillage:ravager_horn":2,"minecraft:diamond_shovel":1,"minecraft:diamond_pickaxe":1,"minecraft:iron_sword":2,"minecraft:iron_axe":3,"minecraft:iron_shovel":8,"minecraft:stone_pickaxe":13,"minecraft:stone_axe":1,"minecraft:stone_shovel":46},"minecraft:killed_by":{"minecraft:vex":2},"minecraft:killed":{"alexsmobs:lobster":2,"minecraft:skeleton":30,"minecraft:chicken":3,"minecraft:cat":1,"minecraft:salmon":1,"minecraft:iron_golem":48,"alexsmobs:seal":1,"minecraft:pillager":27,"minecraft:donkey":1,"minecraft:zombie":263,"takesapillage:archer":8,"minecraft:cow":16,"minecraft:evoker":9,"minecraft:vindicator":16,"alexsmobs:seagull":2,"minecraft:ravager":2,"alexsmobs:catfish":1,"minecraft:witch":7,"minecraft:zombified_piglin":7,"minecraft:spider":56,"alexsmobs:banana_slug":1,"minecraft:piglin_brute":3,"artifacts:mimic":4,"minecraft:piglin":12,"minecraft:pig":8,"alexsmobs:grizzly_bear":1,"minecraft:creeper":21,"alexsmobs:crimson_mosquito":11,"minecraft:sheep":5,"alexsmobs:terrapin":2,"alexsmobs:fly":15,"alexsmobs:dropbear":1,"minecraft:vex":41,"takesapillage:legioner":11,"alexsmobs:tasmanian_devil":4,"takesapillage:clay_golem":1,"alexsmobs:soul_vulture":4,"minecraft:drowned":4,"takesapillage:skirmisher":9,"minecraft:bat":1,"minecraft:hoglin":1,"minecraft:squid":1,"alexsmobs:crow":1},"minecraft:used":{"farmersdelight:cabbage_seeds":134,"sophisticatedbackpacks:copper_backpack":2,"minecraft:ladder":17,"minecraft:poppy":5,"minecraft:chest":78,"securitycraft:keypad_item":1,"minecraft:spruce_boat":5,"minecraft:lava_bucket":256,"minecraft:oak_sapling":1,"minecraft:furnace":6,"minecraft:potato":2,"biomesoplenty:flesh":195,"minecraft:blackstone":1,"minecraft:wooden_pickaxe":18,"minecraft:composter":4,"minecraft:cookie":325,"minecraft:blast_furnace":4,"securitycraft:universal_block_remover":38,"farmersdelight:rice":7,"minecraft:pumpkin_seeds":74,"minecraft:lectern":18,"minecraft:diamond_sword":859,"minecraft:smithing_table":7,"minecraft:oak_trapdoor":10,"minecraft:stone_sword":32,"minecraft:enchanting_table":1,"minecraft:cooked_salmon":1,"minecraft:netherrack":605,"minecraft:torch":633,"minecraft:anvil":1,"minecraft:twisting_vines":30,"minecraft:chipped_anvil":1,"minecraft:iron_axe":986,"minecraft:spruce_button":1,"minecraft:diamond_chestplate":1,"minecraft:basalt":2,"biomesoplenty:blood_bucket":26,"farmersdelight:tomato_seeds":36,"minecraft:cobbled_deepslate":180,"minecraft:wheat_seeds":110,"alexsmobs:cooked_catfish":3,"minecraft:water_bucket":393,"minecraft:fletching_table":16,"minecraft:spruce_fence_gate":1,"minecraft:polished_blackstone_bricks":31,"minecraft:gilded_blackstone":4,"minecraft:crafting_table":20,"minecraft:oak_slab":244,"minecraft:red_bed":9,"minecraft:white_bed":9,"minecraft:spruce_log":4,"minecraft:cake":1,"minecraft:oak_log":17,"securitycraft:reinforced_red_stained_glass_pane":3,"minecraft:diamond_pickaxe":9037,"minecraft:diamond_shovel":1980,"minecraft:suspicious_stew":5,"minecraft:spruce_trapdoor":71,"minecraft:spruce_sapling":8,"minecraft:cobblestone":4174,"minecraft:potion":1,"minecraft:purple_bed":16,"minecraft:cooked_porkchop":15,"minecraft:diamond_leggings":6,"minecraft:iron_shovel":2076,"minecraft:bone_block":3,"minecraft:diamond_hoe":1057,"minecraft:shield":66,"minecraft:iron_sword":970,"minecraft:tuff":3,"minecraft:obsidian":15,"minecraft:glass":20,"minecraft:lantern":12,"biomesoplenty:fir_sapling":2,"minecraft:magma_block":2,"securitycraft:laser_block":35,"farmersdelight:safety_net":2,"securitycraft:harming_module":10,"minecraft:golden_boots":1,"minecraft:diamond_boots":3,"minecraft:stone_pickaxe":1781,"minecraft:oak_planks":143,"minecraft:chainmail_helmet":1,"minecraft:diamond_axe":1831,"minecraft:blue_bed":5,"minecraft:white_wool":2,"minecraft:crossbow":185,"minecraft:redstone_torch":1,"sophisticatedbackpacks:backpack":2,"minecraft:dark_oak_log":6,"minecraft:bread":75,"minecraft:string":17,"securitycraft:smart_module":12,"minecraft:gravel":16,"minecraft:grindstone":8,"minecraft:bone_meal":30,"minecraft:experience_bottle":1,"minecraft:oak_fence":2,"sophisticatedbackpacks:iron_backpack":1,"biomesoplenty:brimstone":1,"minecraft:flint_and_steel":10,"minecraft:stone_shovel":6341,"minecraft:spruce_planks":116,"minecraft:stone_hoe":125,"minecraft:dirt":6994,"minecraft:hopper":20,"minecraft:spruce_stairs":1,"minecraft:diamond_helmet":3,"minecraft:granite":1,"minecraft:dark_oak_planks":5,"minecraft:bookshelf":33,"minecraft:golden_carrot":226,"alexsmobs:lobster_bucket":11,"minecraft:cooked_beef":21,"minecraft:powder_snow_bucket":2,"minecraft:pumpkin":113,"minecraft:iron_leggings":2,"minecraft:cooked_mutton":2,"minecraft:cobblestone_stairs":24,"minecraft:spruce_sign":84,"minecraft:cobblestone_slab":1275,"minecraft:warped_roots":1,"minecraft:apple":3,"minecraft:cracked_polished_blackstone_bricks":4,"biomesoplenty:porous_flesh":1,"minecraft:stone_axe":157,"minecraft:white_banner":3,"minecraft:bucket":690,"minecraft:pumpkin_pie":2,"minecraft:yellow_bed":12,"alexsmobs:animal_dictionary":5,"takesapillage:ravager_horn":2,"minecraft:splash_potion":1,"minecraft:chainmail_leggings":1},"minecraft:dropped":{"minecraft:iron_sword":10,"minecraft:cooked_beef":6,"immersive_melodies:trumpet":1,"minecraft:glass_bottle":11,"minecraft:crafting_table":1,"minecraft:cooked_porkchop":8,"minecraft:crossbow":14,"minecraft:cookie":181,"minecraft:warped_roots":5,"minecraft:emerald":16,"minecraft:gold_block":1,"minecraft:dirt":1231,"minecraft:snout_armor_trim_smithing_template":1,"minecraft:gold_nugget":37,"minecraft:bone_meal":2,"minecraft:bone_block":11,"minecraft:sand":1,"minecraft:bone":8,"minecraft:stone_axe":27,"minecraft:ancient_debris":1,"minecraft:cooked_chicken":1,"minecraft:cobbled_deepslate":858,"minecraft:wheat":3,"minecraft:obsidian":10,"minecraft:rotten_flesh":77,"minecraft:grindstone":1,"minecraft:oak_planks":7,"minecraft:light_gray_carpet":3,"minecraft:golden_shovel":2,"minecraft:azure_bluet":87,"minecraft:tipped_arrow":1,"minecraft:charcoal":2,"minecraft:leather_boots":2,"minecraft:ladder":1,"minecraft:leather_leggings":4,"minecraft:spruce_slab":22,"minecraft:glass":20,"minecraft:crying_obsidian":5,"farmersdelight:tomato_seeds":1,"minecraft:enchanted_book":7,"minecraft:golden_boots":8,"minecraft:wheat_seeds":113,"minecraft:golden_horse_armor":4,"minecraft:cobbled_deepslate_wall":1,"biomesoplenty:maple_sapling":164,"minecraft:oak_fence":1,"minecraft:iron_helmet":2,"minecraft:feather":3,"minecraft:cobblestone":774,"minecraft:book":3,"minecraft:granite":55,"minecraft:chainmail_helmet":19,"minecraft:coal":2,"minecraft:lava_bucket":2,"minecraft:golden_carrot":55,"minecraft:ink_sac":1,"biomesoplenty:brimstone":1,"minecraft:gray_bed":1,"minecraft:diamond_helmet":5,"minecraft:potion":1,"minecraft:pumpkin":2,"minecraft:chainmail_leggings":37,"minecraft:iron_shovel":12,"minecraft:string":18,"minecraft:spruce_sapling":1,"minecraft:furnace":1,"minecraft:stone_sword":1,"minecraft:bowl":6,"minecraft:diamond_hoe":4,"minecraft:stone_shovel":15,"minecraft:white_carpet":9,"minecraft:iron_boots":2,"minecraft:spruce_fence":1,"minecraft:pumpkin_seeds":11,"minecraft:suspicious_stew":5,"minecraft:diamond_sword":1,"minecraft:cobblestone_slab":17,"minecraft:shroomlight":1,"minecraft:allium":1,"minecraft:spruce_trapdoor":18,"minecraft:spruce_planks":3,"minecraft:diamond_pickaxe":3,"minecraft:redstone_torch":1,"minecraft:spider_eye":59,"minecraft:barrel":5,"minecraft:bow":32,"farmersdelight:tomato":1,"minecraft:soul_sand":1,"minecraft:brown_mushroom":1,"minecraft:diamond_axe":14,"minecraft:warped_fungus":1,"minecraft:oak_log":1,"minecraft:golden_pickaxe":1,"minecraft:lantern":11,"minecraft:leather":3,"minecraft:iron_horse_armor":2,"biomesoplenty:porous_flesh":2,"minecraft:flint":3,"minecraft:cobblestone_stairs":1,"alexsmobs:cooked_catfish":2,"minecraft:gilded_blackstone":3,"minecraft:polished_blackstone_bricks":8,"minecraft:gold_ingot":23,"minecraft:gravel":38,"minecraft:chiseled_polished_blackstone":2,"minecraft:blackstone":14,"minecraft:twisting_vines":1,"minecraft:diamond_shovel":6,"biomesoplenty:glowing_moss_block":1,"minecraft:chainmail_chestplate":2,"minecraft:poppy":91,"minecraft:leather_chestplate":1,"minecraft:gunpowder":1,"minecraft:beetroot_seeds":4,"minecraft:melon_seeds":12,"minecraft:chest":3,"minecraft:chainmail_boots":3,"minecraft:basalt":11,"minecraft:arrow":117,"biomesoplenty:flesh":6,"minecraft:quartz":13,"minecraft:netherrack":423,"minecraft:stone_hoe":23,"minecraft:bread":493,"minecraft:oak_slab":17,"minecraft:golden_helmet":5,"minecraft:mossy_cobblestone":3,"minecraft:diamond_leggings":7,"minecraft:golden_axe":5,"minecraft:spectral_arrow":10,"minecraft:copper_ingot":10,"minecraft:spruce_stairs":7,"minecraft:grass_block":3,"minecraft:stick":2,"minecraft:diorite":84,"minecraft:torch":7,"minecraft:iron_leggings":22,"minecraft:iron_axe":27,"minecraft:redstone":1,"alexsmobs:maggot":15,"minecraft:sweet_berries":19,"minecraft:oak_trapdoor":1,"minecraft:raw_copper":6,"farmersdelight:cabbage_seeds":4,"minecraft:shield":29,"minecraft:diamond_chestplate":3,"minecraft:iron_chestplate":26,"minecraft:andesite":63,"minecraft:golden_leggings":1,"minecraft:oak_sapling":2,"minecraft:golden_sword":1,"minecraft:diamond_boots":6,"minecraft:spruce_log":6,"minecraft:stone_pickaxe":3,"minecraft:wooden_pickaxe":1,"minecraft:magma_cream":7},"minecraft:crafted":{"minecraft:red_stained_glass_pane":8,"minecraft:black_dye":3,"minecraft:chainmail_helmet":9,"sophisticatedbackpacks:anvil_upgrade":1,"minecraft:diamond_shovel":9,"sophisticatedbackpacks:crafting_upgrade":1,"farmersdelight:rope":4,"minecraft:bookshelf":35,"minecraft:cooked_mutton":6,"minecraft:glass":25,"sophisticatedbackpacks:smelting_upgrade":1,"minecraft:diamond_helmet":11,"minecraft:diamond_leggings":7,"minecraft:tipped_arrow":60,"minecraft:emerald":831,"minecraft:cooked_porkchop":15,"minecraft:diamond_axe":22,"minecraft:smithing_table":2,"minecraft:copper_ingot":135,"minecraft:fletching_table":2,"minecraft:lectern":2,"sophisticatedbackpacks:auto_smelting_upgrade":1,"minecraft:iron_block":13,"minecraft:gold_ingot":151,"minecraft:composter":2,"minecraft:spruce_fence_gate":1,"minecraft:golden_carrot":247,"minecraft:stone_shovel":48,"minecraft:diamond_hoe":7,"sophisticatedbackpacks:stack_upgrade_tier_1":1,"securitycraft:smart_module":1,"minecraft:bone_meal":9,"minecraft:lantern":11,"securitycraft:universal_block_remover":1,"minecraft:ladder":9,"minecraft:spruce_slab":24,"minecraft:stone_pickaxe":14,"minecraft:diamond_boots":8,"minecraft:spruce_boat":1,"minecraft:redstone_block":3,"minecraft:chainmail_leggings":16,"securitycraft:portable_radar":1,"minecraft:crossbow":13,"minecraft:enchanting_table":1,"minecraft:red_bed":1,"sophisticatedbackpacks:gold_backpack":1,"minecraft:enchanted_book":16,"minecraft:iron_shovel":13,"minecraft:iron_leggings":10,"minecraft:white_bed":7,"securitycraft:harming_module":1,"minecraft:oak_planks":3576,"minecraft:cobblestone_slab":156,"minecraft:suspicious_stew":5,"farmersdelight:safety_net":1,"securitycraft:laser_block":3,"minecraft:cake":1,"minecraft:hopper":4,"minecraft:bow":22,"minecraft:chest":23,"minecraft:copper_block":15,"minecraft:stone_hoe":11,"minecraft:oak_fence":3,"minecraft:golden_boots":2,"farmersdelight:tomato_seeds":26,"minecraft:oak_slab":216,"sophisticatedbackpacks:backpack":1,"minecraft:arrow":214,"minecraft:crafting_table":10,"minecraft:spruce_planks":684,"minecraft:wooden_pickaxe":1,"minecraft:iron_helmet":1,"minecraft:gold_block":7,"minecraft:pumpkin_seeds":56,"sophisticatedbackpacks:upgrade_base":5,"biomesoplenty:fir_planks":384,"minecraft:spruce_trapdoor":4,"minecraft:book":3,"minecraft:iron_chestplate":9,"minecraft:diamond_pickaxe":8,"minecraft:shield":17,"sophisticatedbackpacks:diamond_backpack":9,"minecraft:stick":7713,"minecraft:iron_ingot":173,"minecraft:stone_sword":1,"minecraft:redstone_torch":1,"minecraft:shears":2,"securitycraft:universal_block_reinforcer_lvl1":1,"minecraft:cookie":259,"minecraft:spruce_button":1,"minecraft:furnace":3,"minecraft:stone_button":8,"sophisticatedbackpacks:stack_upgrade_starter_tier":1,"minecraft:glass_pane":32,"minecraft:oak_trapdoor":6,"minecraft:flint_and_steel":1,"minecraft:iron_axe":14,"sophisticatedbackpacks:iron_backpack":1,"minecraft:red_dye":13,"minecraft:diamond_sword":2,"minecraft:spruce_sign":6,"minecraft:iron_sword":8,"minecraft:bucket":1,"minecraft:stone_axe":12,"minecraft:air":0,"minecraft:bread":357,"minecraft:anvil":2,"minecraft:torch":412,"minecraft:diamond_chestplate":8}},"DataVersion":3465}