{"stats":{"minecraft:used":{"farmersdelight:rope":5,"minecraft:dark_oak_planks":1,"minecraft:diamond_pickaxe":13,"minecraft:leather_leggings":1,"minecraft:birch_planks":1,"minecraft:oak_stairs":1,"minecraft:oak_planks":1,"minecraft:spruce_planks":3,"minecraft:shield":1,"minecraft:rotten_flesh":15,"minecraft:diamond_chestplate":1,"farmersdelight:onion":2,"minecraft:golden_carrot":1,"minecraft:pumpkin_pie":2,"minecraft:spruce_stairs":1,"minecraft:diamond_helmet":1,"minecraft:potato":6},"minecraft:custom":{"minecraft:time_since_rest":24911,"minecraft:waystone_activated":1,"minecraft:sprint_one_cm":32026,"minecraft:damage_taken":1843,"minecraft:walk_one_cm":107831,"minecraft:damage_blocked_by_shield":60,"minecraft:mob_kills":2,"minecraft:drop":9,"minecraft:damage_dealt":758,"minecraft:swim_one_cm":14491,"minecraft:interact_with_crafting_table":1,"minecraft:fly_one_cm":109024,"minecraft:raid_win":1,"minecraft:open_chest":7,"minecraft:crouch_one_cm":839,"minecraft:play_time":64754,"minecraft:deaths":5,"minecraft:sneak_time":387,"minecraft:walk_under_water_one_cm":6564,"minecraft:boat_one_cm":107730,"minecraft:jump":466,"minecraft:leave_game":1,"minecraft:time_since_death":30249,"minecraft:walk_on_water_one_cm":2204,"minecraft:sleep_in_bed":2,"minecraft:total_world_time":64754,"minecraft:fall_one_cm":4906},"minecraft:killed":{"minecraft:pillager":1,"minecraft:witch":1},"minecraft:crafted":{"minecraft:crafting_table":1,"minecraft:spruce_planks":8,"minecraft:stick":4},"minecraft:picked_up":{"minecraft:tipped_arrow":1,"minecraft:chainmail_boots":1,"minecraft:golden_carrot":21,"minecraft:diamond_sword":1,"minecraft:spruce_stairs":1,"minecraft:oak_stairs":1,"minecraft:birch_planks":1,"minecraft:polished_blackstone_bricks":192,"minecraft:spruce_log":2,"minecraft:shield":2,"minecraft:dark_oak_planks":1,"minecraft:arrow":5,"minecraft:diamond_chestplate":1,"minecraft:pumpkin_pie":3,"minecraft:stone_axe":3,"minecraft:wheat_seeds":1,"minecraft:diamond_leggings":1,"minecraft:spruce_planks":3,"minecraft:diamond_boots":1,"immersive_melodies:didgeridoo":2,"minecraft:iron_ingot":19,"minecraft:stone_pickaxe":1,"minecraft:poppy":3,"farmersdelight:rope":5,"minecraft:emerald":1,"minecraft:totem_of_undying":1,"minecraft:diamond_helmet":3,"minecraft:oak_planks":1,"minecraft:book":8,"minecraft:diamond_pickaxe":1},"minecraft:dropped":{"minecraft:poisonous_potato":5,"minecraft:diamond_helmet":1,"immersive_melodies:didgeridoo":1,"minecraft:paper":5,"minecraft:filled_map":1},"minecraft:mined":{"minecraft:dark_oak_planks":1,"minecraft:spruce_stairs":2,"minecraft:birch_planks":1,"minecraft:spruce_planks":3,"minecraft:spruce_log":2,"minecraft:grass":1,"farmersdelight:rope":5,"minecraft:oak_stairs":1,"minecraft:packed_ice":64,"minecraft:oak_planks":1}},"DataVersion":3465}