{"stats":{"minecraft:custom":{"minecraft:time_since_rest":2901,"minecraft:waystone_activated":1,"minecraft:sprint_one_cm":17430,"minecraft:damage_taken":70,"minecraft:walk_one_cm":28757,"minecraft:drop":1,"minecraft:damage_dealt":20,"minecraft:swim_one_cm":14491,"minecraft:fly_one_cm":57164,"minecraft:open_chest":3,"minecraft:crouch_one_cm":476,"minecraft:play_time":17446,"minecraft:sneak_time":208,"minecraft:walk_under_water_one_cm":6564,"minecraft:boat_one_cm":107730,"minecraft:jump":178,"minecraft:walk_on_water_one_cm":2196,"minecraft:time_since_death":17446,"minecraft:sleep_in_bed":1,"minecraft:total_world_time":17446,"minecraft:fall_one_cm":2816},"minecraft:mined":{"minecraft:dark_oak_planks":1,"minecraft:spruce_stairs":2,"minecraft:birch_planks":1,"minecraft:spruce_planks":3,"minecraft:spruce_log":2,"minecraft:grass":1,"minecraft:oak_stairs":1,"minecraft:packed_ice":64,"minecraft:oak_planks":1},"minecraft:picked_up":{"minecraft:spruce_stairs":1,"minecraft:oak_stairs":1,"minecraft:birch_planks":1,"minecraft:spruce_log":2,"minecraft:shield":1,"minecraft:dark_oak_planks":1,"minecraft:diamond_chestplate":1,"minecraft:diamond_leggings":1,"minecraft:diamond_boots":1,"minecraft:spruce_planks":3,"immersive_melodies:didgeridoo":2,"minecraft:iron_ingot":16,"minecraft:diamond_helmet":1,"minecraft:oak_planks":1,"minecraft:diamond_pickaxe":1},"minecraft:dropped":{"immersive_melodies:didgeridoo":1},"minecraft:used":{"minecraft:dark_oak_planks":1,"minecraft:leather_leggings":1,"minecraft:birch_planks":1,"minecraft:oak_planks":1,"minecraft:spruce_planks":3,"minecraft:diamond_chestplate":1,"minecraft:spruce_stairs":1,"minecraft:diamond_helmet":1},"minecraft:crafted":{"minecraft:crafting_table":1,"minecraft:spruce_planks":8,"minecraft:stick":4}},"DataVersion":3465}