{"stats":{"minecraft:used":{"minecraft:polished_blackstone_brick_slab":4,"minecraft:leather_leggings":1,"minecraft:birch_planks":1,"minecraft:oak_planks":1,"minecraft:spruce_planks":3,"minecraft:shield":1,"minecraft:rotten_flesh":15,"minecraft:polished_blackstone_bricks":54,"minecraft:torch":14,"farmersdelight:onion":2,"minecraft:crafting_table":1,"minecraft:spruce_stairs":1,"minecraft:diamond_helmet":1,"farmersdelight:rope":5,"minecraft:dark_oak_planks":1,"minecraft:diamond_pickaxe":439,"minecraft:oak_stairs":1,"minecraft:polished_blackstone_brick_stairs":12,"minecraft:cobblestone":10,"minecraft:diamond_chestplate":1,"minecraft:diamond_sword":3,"minecraft:golden_carrot":3,"minecraft:pumpkin_pie":3,"minecraft:potato":6,"minecraft:cobbled_deepslate":7},"minecraft:custom":{"minecraft:mob_kills":3,"minecraft:interact_with_crafting_table":4,"minecraft:open_barrel":4,"minecraft:leave_game":2,"minecraft:time_since_death":60937,"minecraft:sleep_in_bed":2,"minecraft:time_since_rest":55599,"minecraft:waystone_activated":1,"minecraft:sprint_one_cm":53516,"minecraft:damage_taken":2242,"minecraft:walk_one_cm":185557,"minecraft:damage_blocked_by_shield":60,"minecraft:drop":9,"minecraft:damage_dealt":957,"minecraft:swim_one_cm":14491,"minecraft:fly_one_cm":146452,"minecraft:raid_win":1,"minecraft:open_chest":15,"minecraft:crouch_one_cm":9868,"minecraft:play_time":95442,"minecraft:deaths":5,"minecraft:sneak_time":3222,"minecraft:walk_under_water_one_cm":6564,"minecraft:boat_one_cm":107730,"minecraft:jump":845,"minecraft:walk_on_water_one_cm":2204,"minecraft:total_world_time":95442,"minecraft:fall_one_cm":16026},"minecraft:killed":{"minecraft:witch":1,"minecraft:pillager":1,"minecraft:zombie":1},"minecraft:crafted":{"minecraft:polished_blackstone_brick_slab":102,"minecraft:crafting_table":1,"minecraft:spruce_planks":8,"minecraft:stick":4,"minecraft:polished_blackstone_brick_stairs":40,"minecraft:torch":16},"minecraft:picked_up":{"minecraft:chainmail_boots":1,"minecraft:golden_carrot":21,"minecraft:andesite":8,"minecraft:diamond_sword":1,"minecraft:oak_stairs":1,"minecraft:birch_planks":1,"minecraft:shield":2,"minecraft:lapis_lazuli":29,"minecraft:polished_blackstone_brick_stairs":4,"minecraft:diamond_leggings":1,"minecraft:wheat_seeds":1,"minecraft:cobbled_deepslate":227,"minecraft:spruce_planks":3,"minecraft:iron_ingot":19,"minecraft:stone_pickaxe":1,"minecraft:poppy":3,"minecraft:diamond_helmet":3,"minecraft:oak_planks":1,"minecraft:book":8,"minecraft:tipped_arrow":1,"minecraft:raw_iron":10,"minecraft:spruce_stairs":1,"minecraft:polished_blackstone_bricks":220,"minecraft:spruce_log":2,"minecraft:dark_oak_planks":1,"mowziesmobs:naga_fang":1,"minecraft:arrow":5,"minecraft:diamond_chestplate":1,"minecraft:stone_axe":3,"minecraft:pumpkin_pie":3,"minecraft:diamond_boots":1,"immersive_melodies:didgeridoo":2,"farmersdelight:rope":5,"minecraft:totem_of_undying":1,"minecraft:emerald":1,"minecraft:netherrack":2,"minecraft:coal":21,"minecraft:cobblestone":118,"minecraft:diamond_pickaxe":1},"minecraft:dropped":{"minecraft:poisonous_potato":5,"minecraft:filled_map":1,"minecraft:diamond_helmet":1,"immersive_melodies:didgeridoo":1,"minecraft:paper":5},"minecraft:mined":{"minecraft:dark_oak_planks":1,"minecraft:spruce_planks":3,"minecraft:lapis_ore":2,"minecraft:polished_blackstone_brick_stairs":4,"minecraft:oak_planks":1,"minecraft:spruce_stairs":2,"minecraft:polished_blackstone_bricks":32,"minecraft:birch_planks":1,"minecraft:iron_ore":2,"minecraft:spruce_log":2,"minecraft:andesite":8,"minecraft:deepslate_lapis_ore":2,"minecraft:grass":1,"minecraft:deepslate_iron_ore":8,"minecraft:coal_ore":21,"farmersdelight:rope":5,"minecraft:oak_stairs":1,"minecraft:packed_ice":64,"minecraft:stone":118,"minecraft:deepslate":229}},"DataVersion":3465}