{"stats":{"minecraft:used":{"farmersdelight:rope":5,"minecraft:dark_oak_planks":1,"minecraft:diamond_pickaxe":7,"minecraft:leather_leggings":1,"minecraft:birch_planks":1,"minecraft:oak_stairs":1,"minecraft:oak_planks":1,"minecraft:spruce_planks":3,"minecraft:rotten_flesh":12,"minecraft:diamond_chestplate":1,"farmersdelight:onion":2,"minecraft:spruce_stairs":1,"minecraft:diamond_helmet":1,"minecraft:potato":6},"minecraft:custom":{"minecraft:time_since_rest":14209,"minecraft:waystone_activated":1,"minecraft:sprint_one_cm":20997,"minecraft:damage_taken":521,"minecraft:walk_one_cm":66907,"minecraft:mob_kills":1,"minecraft:drop":7,"minecraft:damage_dealt":423,"minecraft:swim_one_cm":14491,"minecraft:interact_with_crafting_table":1,"minecraft:fly_one_cm":66364,"minecraft:open_chest":7,"minecraft:crouch_one_cm":577,"minecraft:play_time":28754,"minecraft:sneak_time":284,"minecraft:walk_under_water_one_cm":6564,"minecraft:boat_one_cm":107730,"minecraft:jump":257,"minecraft:leave_game":1,"minecraft:time_since_death":28754,"minecraft:walk_on_water_one_cm":2204,"minecraft:sleep_in_bed":1,"minecraft:total_world_time":28754,"minecraft:fall_one_cm":3025},"minecraft:killed":{"minecraft:witch":1},"minecraft:crafted":{"minecraft:crafting_table":1,"minecraft:spruce_planks":8,"minecraft:stick":4},"minecraft:picked_up":{"minecraft:spruce_stairs":1,"minecraft:oak_stairs":1,"minecraft:birch_planks":1,"minecraft:spruce_log":2,"minecraft:shield":1,"minecraft:dark_oak_planks":1,"minecraft:diamond_chestplate":1,"minecraft:diamond_leggings":1,"minecraft:spruce_planks":3,"minecraft:diamond_boots":1,"immersive_melodies:didgeridoo":2,"minecraft:iron_ingot":16,"farmersdelight:rope":5,"minecraft:diamond_helmet":2,"minecraft:oak_planks":1,"minecraft:diamond_pickaxe":1},"minecraft:dropped":{"minecraft:poisonous_potato":5,"minecraft:diamond_helmet":1,"immersive_melodies:didgeridoo":1},"minecraft:mined":{"minecraft:dark_oak_planks":1,"minecraft:spruce_stairs":2,"minecraft:birch_planks":1,"minecraft:spruce_planks":3,"minecraft:spruce_log":2,"minecraft:grass":1,"farmersdelight:rope":5,"minecraft:oak_stairs":1,"minecraft:packed_ice":64,"minecraft:oak_planks":1}},"DataVersion":3465}