{"stats":{"minecraft:crafted":{"naturalist:cooked_duck":1,"minecraft:wooden_sword":1,"minecraft:oak_planks":100,"minecraft:iron_nugget":9,"minecraft:furnace":2,"minecraft:bone_meal":21,"minecraft:iron_boots":1,"minecraft:iron_axe":1,"minecraft:stone_pickaxe":3,"minecraft:stone_hoe":1,"marbledsarsenal:katana":1,"sophisticatedbackpacks:iron_backpack":1,"minecraft:crafting_table":6,"minecraft:spruce_planks":72,"minecraft:iron_helmet":1,"minecraft:baked_potato":8,"minecraft:wooden_pickaxe":1,"minecraft:stripped_oak_wood":3,"minecraft:bucket":1,"minecraft:stone_axe":1,"minecraft:bread":8,"minecraft:air":0,"biomesoplenty:fir_planks":20,"farmersdelight:cutting_board":1,"minecraft:oak_boat":3,"minecraft:gold_ingot":13,"minecraft:stick":44,"minecraft:iron_ingot":53,"minecraft:iron_pickaxe":4,"minecraft:wooden_axe":1,"minecraft:stone_sword":2,"minecraft:iron_shovel":1,"minecraft:iron_leggings":1,"minecraft:torch":72,"marbledsarsenal:barbed_baseball_bat":1,"biomesoplenty:fir_door":3},"minecraft:mined":{"minecraft:mossy_cobblestone":3,"minecraft:tuff":78,"minecraft:spruce_planks":5,"minecraft:farmland":1,"minecraft:deepslate_diamond_ore":8,"minecraft:granite":27,"biomesoplenty:bush":4,"minecraft:grass_block":185,"biomesoplenty:flowering_oak_leaves":2,"minecraft:light_gray_bed":3,"farmersdelight:budding_tomatoes":8,"minecraft:oxeye_daisy":1,"minecraft:furnace":9,"biomesoplenty:toadstool":3,"minecraft:iron_ore":36,"minecraft:cobbled_deepslate":8,"biomesoplenty:violet":1,"minecraft:andesite":87,"bunker_down:steel_vent":2,"minecraft:peony":3,"minecraft:azure_bluet":1,"minecraft:sculk_shrieker":1,"minecraft:potatoes":1,"biomesoplenty:pink_cherry_leaves":2,"minecraft:dirt_path":2,"minecraft:deepslate_iron_ore":9,"crittersandcompanions:silk_cocoon":1,"minecraft:stripped_oak_log":4,"minecraft:pink_tulip":1,"bunker_down:steel_block":3,"minecraft:stone":573,"minecraft:deepslate_redstone_ore":2,"minecraft:lily_of_the_valley":1,"minecraft:crafting_table":12,"minecraft:torch":9,"minecraft:spruce_button":1,"minecraft:rose_bush":96,"minecraft:dead_bush":3,"minecraft:copper_ore":6,"minecraft:cobblestone":23,"biomesoplenty:sprout":98,"farmersdelight:wild_tomatoes":10,"minecraft:deepslate_gold_ore":2,"minecraft:lapis_ore":3,"minecraft:oak_planks":11,"minecraft:diorite":97,"minecraft:wall_torch":19,"supplementaries:urn":7,"minecraft:purple_bed":1,"minecraft:sweet_berry_bush":46,"minecraft:wheat":8,"minecraft:lilac":52,"minecraft:spruce_log":19,"biomesoplenty:clover":1,"biomesoplenty:maple_leaves":5,"biomesoplenty:fir_log":5,"minecraft:grass":79,"minecraft:coal_ore":46,"minecraft:oak_log":30,"minecraft:gravel":13,"minecraft:dirt":205,"minecraft:sunflower":48,"minecraft:deepslate":720,"biomesoplenty:reed":1,"minecraft:oak_leaves":15,"minecraft:fern":5},"minecraft:used":{"marbledsarsenal:baseball_bat":51,"minecraft:rose_bush":88,"minecraft:stone_sword":176,"minecraft:iron_shovel":250,"farmersdelight:cabbage_seeds":5,"minecraft:spruce_planks":40,"marbledsarsenal:barbed_baseball_bat":412,"minecraft:rotten_flesh":45,"minecraft:stone_hoe":107,"minecraft:stick":2,"supplementaries:globe":1,"minecraft:torch":109,"minecraft:dirt":13,"minecraft:lily_of_the_valley":1,"minecraft:tuff":19,"minecraft:azure_bluet":1,"biomesoplenty:maple_sapling":1,"minecraft:wooden_axe":10,"minecraft:iron_axe":25,"farmersdelight:tomato_sauce":1,"farmersdelight:cutting_board":1,"minecraft:sweet_berries":177,"minecraft:furnace":10,"naturalist:bass_bucket":2,"minecraft:cooked_beef":14,"farmersdelight:tomato_seeds":17,"minecraft:cobbled_deepslate":384,"minecraft:light_gray_bed":5,"minecraft:water_bucket":20,"minecraft:wheat_seeds":45,"minecraft:pink_tulip":1,"minecraft:baked_potato":9,"minecraft:stone_pickaxe":983,"minecraft:glass_bottle":22,"minecraft:oak_planks":61,"minecraft:wooden_pickaxe":40,"minecraft:cobblestone_slab":1,"minecraft:crafting_table":15,"minecraft:oak_log":4,"cold_sweat:fur_pants":1,"bunker_down:steel_block":1,"minecraft:diamond_shovel":120,"minecraft:sunflower":40,"minecraft:iron_pickaxe":758,"minecraft:bread":8,"minecraft:suspicious_stew":1,"supplementaries:flax_seeds":5,"naturalist:cooked_duck":1,"minecraft:gravel":13,"minecraft:lilac":49,"minecraft:stone_axe":63,"minecraft:potion":36,"minecraft:wooden_sword":59,"minecraft:diamond_sword":396,"farmersdelight:cooked_bacon":51,"biomesoplenty:fir_door":1,"minecraft:cobblestone":217,"minecraft:cooked_porkchop":3,"minecraft:andesite":1,"minecraft:bucket":23,"minecraft:oak_boat":2,"minecraft:air":1,"minecraft:bone_meal":39},"minecraft:killed_by":{"minecraft:drowned":2,"minecraft:zombie":2,"naturalist:bear":4,"rottencreatures:undead_miner":1},"minecraft:custom":{"minecraft:interact_with_anvil":3,"minecraft:mob_kills":168,"minecraft:animals_bred":2,"minecraft:interact_with_crafting_table":55,"minecraft:open_barrel":2,"minecraft:interact_with_campfire":14,"minecraft:damage_dealt_resisted":94,"minecraft:leave_game":11,"minecraft:time_since_death":23058,"minecraft:climb_one_cm":29784,"minecraft:sprint_one_cm":788439,"minecraft:walk_one_cm":721620,"minecraft:drop":92,"minecraft:damage_dealt_absorbed":180,"minecraft:talked_to_villager":7,"minecraft:play_time":426386,"minecraft:sneak_time":109123,"minecraft:deaths":11,"minecraft:walk_under_water_one_cm":38712,"minecraft:boat_one_cm":218367,"minecraft:jump":6835,"minecraft:interact_with_blast_furnace":3,"minecraft:walk_on_water_one_cm":69194,"minecraft:total_world_time":426386,"minecraft:interact_with_furnace":59,"minecraft:sleep_in_bed":6,"minecraft:time_since_rest":23083,"minecraft:damage_taken":8247,"minecraft:damage_dealt":46003,"minecraft:swim_one_cm":102723,"minecraft:fly_one_cm":1310749,"minecraft:open_chest":56,"minecraft:crouch_one_cm":276653,"minecraft:fall_one_cm":208453},"minecraft:broken":{"minecraft:iron_shovel":1,"minecraft:stone_pickaxe":8,"minecraft:wooden_sword":1,"minecraft:iron_pickaxe":3},"minecraft:picked_up":{"minecraft:crafting_table":11,"minecraft:wheat":8,"minecraft:azure_bluet":1,"minecraft:chicken":4,"cold_sweat:fur_cap":4,"minecraft:lead":1,"minecraft:diamond_sword":1,"minecraft:wooden_pickaxe":1,"farmersdelight:tomato_sauce":8,"marbledsapi:steel_sheet":5,"biomesoplenty:violet":2,"minecraft:potion":29,"marbledsarsenal:baseball_bat":4,"farmersdelight:diamond_knife":1,"minecraft:string":3,"minecraft:raw_copper":26,"minecraft:iron_shovel":1,"minecraft:cobbled_deepslate":727,"minecraft:spruce_planks":6,"minecraft:beef":10,"minecraft:rose_bush":88,"minecraft:redstone_torch":10,"minecraft:cobblestone_slab":1,"minecraft:iron_nugget":3,"crittersandcompanions:clam":1,"minecraft:piston":1,"farmersdelight:cabbage_seeds":2,"minecraft:furnace":10,"minecraft:egg":5,"minecraft:stick":28,"minecraft:raw_iron":54,"naturalist:duck":1,"farmersdelight:rotten_tomato":1,"minecraft:torch":73,"sophisticatedbackpacks:backpack":2,"minecraft:porkchop":2,"farmersdelight:tomato_seeds":26,"minecraft:diorite":102,"minecraft:carrot":1,"minecraft:redstone":10,"minecraft:stone_sword":2,"minecraft:light_gray_bed":4,"minecraft:rotten_flesh":143,"minecraft:peony":2,"minecraft:pink_tulip":1,"supplementaries:ash":4,"minecraft:white_wool":1,"minecraft:cobblestone":692,"minecraft:oxeye_daisy":2,"minecraft:stripped_oak_log":4,"taccraft:flak_vest_helmet":4,"minecraft:feather":8,"cold_sweat:fur_pants":1,"minecraft:lilac":50,"bunker_down:brittle_pickaxe":2,"minecraft:andesite":89,"minecraft:leather":7,"taccraft:nylon_stripe":1,"marbledsarsenal:barbed_baseball_bat":1,"bunker_down:steel_vent":2,"minecraft:potato":10,"biomesoplenty:fir_log":5,"minecraft:flint":1,"minecraft:tuff":68,"minecraft:oak_log":60,"supplementaries:flax_seeds":5,"farmersdelight:cooked_bacon":42,"minecraft:gunpowder":8,"minecraft:lapis_lazuli":36,"farmersdelight:tomato":13,"minecraft:dirt":406,"bunker_down:steel_block":2,"minecraft:bone":12,"minecraft:apple":1,"minecraft:wheat_seeds":64,"minecraft:raw_gold":4,"farmersdelight:apple_cider":4,"minecraft:iron_ingot":2,"minecraft:stone_pickaxe":10,"minecraft:glass_bottle":5,"minecraft:oak_planks":32,"biomesoplenty:toadstool":3,"minecraft:sweet_berries":180,"bunker_down:underroot_stage_1":1,"minecraft:gravel":13,"minecraft:spruce_log":18,"minecraft:lily_of_the_valley":1,"minecraft:diamond_shovel":1,"biomesoplenty:maple_sapling":3,"minecraft:purple_bed":1,"minecraft:diamond":9,"minecraft:stone_axe":3,"minecraft:granite":46,"minecraft:bone_meal":18,"minecraft:baked_potato":1,"minecraft:oak_sapling":2,"rottencreatures:magma_rotten_flesh":3,"minecraft:coal":99,"minecraft:sunflower":40,"minecraft:wooden_axe":1},"minecraft:dropped":{"bunker_down:steel_vent":1,"minecraft:piston":1,"minecraft:wheat_seeds":5,"minecraft:lapis_lazuli":8,"minecraft:glass_bottle":6,"farmersdelight:cooked_bacon":2,"minecraft:feather":4,"minecraft:cobblestone":184,"minecraft:granite":46,"minecraft:stick":7,"biomesoplenty:violet":2,"minecraft:oxeye_daisy":1,"minecraft:dirt":37,"minecraft:diorite":16,"minecraft:wooden_axe":1,"minecraft:potion":6,"bunker_down:brittle_pickaxe":1,"minecraft:iron_shovel":1,"rottencreatures:magma_rotten_flesh":3,"marbledsarsenal:baseball_bat":1,"minecraft:white_wool":1,"taccraft:flak_vest_helmet":1,"farmersdelight:rotten_tomato":1,"minecraft:stone_axe":1,"flashlight:flashlight":1,"minecraft:stone_sword":1,"minecraft:cobbled_deepslate":216,"minecraft:bowl":2,"minecraft:tuff":12,"minecraft:chicken":2,"minecraft:rotten_flesh":56,"minecraft:oak_planks":2,"cold_sweat:fur_cap":2,"supplementaries:ash":4,"minecraft:peony":1,"flashlight:smallredstonebattery":1,"minecraft:andesite":88,"bunker_down:underroot_stage_1":1,"minecraft:oak_sapling":1,"minecraft:redstone_torch":5,"marbledsarsenal:katana":1,"minecraft:beef":2,"minecraft:stone_pickaxe":2,"minecraft:wooden_pickaxe":2,"farmersdelight:apple_cider":1,"minecraft:egg":1},"minecraft:killed":{"hordes:zombie_player":2,"rottencreatures:burned":2,"naturalist:robin":1,"naturalist:duck":1,"minecraft:chicken":2,"minecraft:drowned":14,"naturalist:cardinal":1,"rottencreatures:undead_miner":9,"minecraft:husk":36,"minecraft:pig":2,"minecraft:zombie_villager":3,"naturalist:bear":12,"naturalist:snake":1,"minecraft:sheep":1,"minecraft:trader_llama":1,"minecraft:zombie":82,"minecraft:cow":3}},"DataVersion":3120}