{"stats":{"minecraft:mined":{"minecraft:crafting_table":2,"sophisticatedbackpacks:iron_backpack":1,"minecraft:grass_block":34,"minecraft:chest":2,"biomesoplenty:huge_clover_petal":1,"biomesoplenty:sprout":3,"minecraft:spruce_leaves":2,"minecraft:birch_planks":1,"minecraft:furnace":3,"minecraft:fire":7,"biomesoplenty:pink_daffodil":1,"minecraft:spruce_log":7,"biomesoplenty:flesh":2,"biomesoplenty:fir_log":9,"biomesoplenty:clover":3,"minecraft:grass":6,"minecraft:coal_ore":10,"minecraft:white_banner":2,"minecraft:stone":26,"sophisticatedbackpacks:backpack":1},"minecraft:picked_up":{"minecraft:chainmail_boots":1,"minecraft:crafting_table":2,"minecraft:wheat":3,"minecraft:feather":4,"minecraft:cooked_beef":5,"minecraft:salmon":8,"minecraft:golden_leggings":3,"minecraft:diamond_sword":1,"minecraft:birch_planks":1,"biomesoplenty:fir_log":9,"minecraft:golden_shovel":1,"minecraft:shield":2,"minecraft:lapis_lazuli":25,"minecraft:dirt":2,"minecraft:white_banner":4,"minecraft:iron_axe":3,"minecraft:cooked_salmon":1,"minecraft:flint_and_steel":2,"minecraft:bone":2,"minecraft:experience_bottle":1,"takesapillage:ravager_horn":1,"minecraft:diamond_leggings":1,"minecraft:gold_nugget":21,"minecraft:rabbit_hide":1,"minecraft:iron_ingot":16,"minecraft:stone_pickaxe":1,"immersive_melodies:trumpet":1,"minecraft:poppy":5,"minecraft:iron_nugget":22,"minecraft:diamond_helmet":1,"minecraft:rabbit":1,"minecraft:chest":1,"minecraft:iron_sword":3,"minecraft:furnace":3,"minecraft:book":1,"minecraft:torch":1,"sophisticatedbackpacks:backpack":1,"minecraft:golden_axe":2,"sophisticatedbackpacks:iron_backpack":1,"minecraft:grass_block":32,"minecraft:spruce_log":7,"minecraft:iron_horse_armor":1,"artifacts:snorkel":1,"minecraft:stone_shovel":2,"minecraft:arrow":5,"minecraft:rotten_flesh":5,"minecraft:stone_axe":1,"minecraft:beetroot_seeds":2,"minecraft:spruce_boat":2,"minecraft:chainmail_leggings":2,"alexsmobs:rainbow_jelly":2,"minecraft:crossbow":1,"minecraft:chainmail_helmet":1,"minecraft:bread":60,"minecraft:totem_of_undying":2,"minecraft:gold_ingot":4,"minecraft:emerald":14,"biomesoplenty:pink_daffodil":1,"minecraft:melon_seeds":8,"minecraft:coal":28,"minecraft:cod":1,"minecraft:cobblestone":26},"minecraft:custom":{"minecraft:interact_with_smithing_table":1,"minecraft:interact_with_furnace":12,"minecraft:mob_kills":37,"minecraft:interact_with_crafting_table":4,"minecraft:time_since_death":28536,"minecraft:sleep_in_bed":1,"minecraft:time_since_rest":28559,"minecraft:sprint_one_cm":233242,"minecraft:damage_taken":4828,"minecraft:walk_one_cm":161606,"minecraft:damage_blocked_by_shield":390,"minecraft:drop":40,"minecraft:damage_dealt":4792,"minecraft:swim_one_cm":102811,"minecraft:talked_to_villager":5,"minecraft:fly_one_cm":592124,"minecraft:raid_win":1,"minecraft:open_chest":25,"minecraft:crouch_one_cm":3566,"minecraft:play_time":85752,"minecraft:deaths":11,"minecraft:sneak_time":1781,"minecraft:walk_under_water_one_cm":33308,"minecraft:boat_one_cm":198417,"minecraft:jump":2171,"minecraft:walk_on_water_one_cm":12504,"minecraft:total_world_time":85752,"minecraft:fall_one_cm":31645},"minecraft:killed_by":{"takesapillage:legioner":1},"minecraft:used":{"minecraft:flint_and_steel":8,"minecraft:stone_pickaxe":19,"minecraft:shield":5,"minecraft:wooden_pickaxe":22,"minecraft:diamond_axe":24,"minecraft:torch":1,"minecraft:cooked_salmon":6,"minecraft:rotten_flesh":3,"minecraft:crafting_table":2,"minecraft:golden_shovel":40,"minecraft:diamond_helmet":1,"minecraft:spruce_boat":1,"minecraft:wooden_axe":10,"minecraft:bread":28,"minecraft:stone_axe":21,"minecraft:diamond_sword":32,"minecraft:cobblestone":4,"minecraft:white_banner":2,"minecraft:furnace":3,"minecraft:cooked_rabbit":1,"minecraft:cooked_beef":5},"minecraft:crafted":{"minecraft:crafting_table":1,"minecraft:spruce_planks":24,"minecraft:wooden_pickaxe":1,"minecraft:furnace":1,"minecraft:cooked_salmon":5,"minecraft:stone_axe":1,"minecraft:air":0,"minecraft:stick":8,"minecraft:stone_pickaxe":1,"minecraft:wooden_axe":1,"minecraft:cooked_rabbit":1},"minecraft:killed":{"minecraft:vex":3,"minecraft:salmon":8,"takesapillage:legioner":2,"minecraft:rabbit":1,"alexsmobs:seal":2,"minecraft:vindicator":3,"minecraft:cod":1,"minecraft:pillager":4,"alexsmobs:blue_jay":1,"alexsmobs:comb_jelly":2,"minecraft:drowned":1,"takesapillage:archer":4},"minecraft:broken":{"minecraft:golden_shovel":1},"minecraft:dropped":{"minecraft:iron_sword":2,"minecraft:stone_axe":1,"biomesoplenty:pink_daffodil":1,"minecraft:book":1,"minecraft:crafting_table":1,"minecraft:golden_axe":2,"minecraft:rotten_flesh":2,"minecraft:stone_shovel":2,"minecraft:wheat":6,"minecraft:diamond_leggings":1,"minecraft:iron_horse_armor":2,"minecraft:chainmail_helmet":1,"minecraft:flint_and_steel":1,"minecraft:emerald":9,"minecraft:rabbit_hide":1,"minecraft:shield":1,"minecraft:beetroot_seeds":4,"minecraft:melon_seeds":12,"minecraft:white_banner":2,"minecraft:chainmail_boots":1,"minecraft:iron_axe":3,"minecraft:arrow":7,"minecraft:stone_pickaxe":1,"minecraft:chainmail_leggings":2}},"DataVersion":3465}