{"stats":{"minecraft:killed_by":{"minecraft:drowned":4,"rottencreatures:burned":1,"minecraft:zombie":10,"rottencreatures:undead_miner":2,"naturalist:bear":10},"minecraft:custom":{"minecraft:animals_bred":2,"minecraft:interact_with_crafting_table":83,"minecraft:open_barrel":2,"minecraft:leave_game":19,"minecraft:time_since_death":8155,"minecraft:sprint_one_cm":1104318,"minecraft:drop":104,"minecraft:talked_to_villager":7,"minecraft:play_time":602683,"minecraft:deaths":30,"minecraft:jump":9614,"minecraft:walk_on_water_one_cm":92868,"minecraft:interact_with_furnace":59,"minecraft:sleep_in_bed":16,"minecraft:damage_dealt":55253,"minecraft:crouch_one_cm":357245,"minecraft:mob_kills":219,"minecraft:interact_with_anvil":3,"minecraft:interact_with_campfire":14,"minecraft:damage_dealt_resisted":238,"minecraft:climb_one_cm":26160,"minecraft:walk_one_cm":975197,"minecraft:damage_dealt_absorbed":75,"minecraft:sneak_time":152699,"minecraft:walk_under_water_one_cm":47236,"minecraft:boat_one_cm":218367,"minecraft:interact_with_blast_furnace":3,"minecraft:total_world_time":602683,"minecraft:time_since_rest":8206,"minecraft:damage_taken":14239,"minecraft:swim_one_cm":180806,"minecraft:fly_one_cm":1902332,"minecraft:open_chest":71,"minecraft:fall_one_cm":314066},"minecraft:used":{"minecraft:iron_shovel":250,"farmersdelight:cabbage_seeds":5,"minecraft:chest":1,"marbledsarsenal:barbed_baseball_bat":412,"minecraft:rotten_flesh":51,"minecraft:iron_chestplate":1,"supplementaries:globe":1,"minecraft:lily_of_the_valley":1,"minecraft:carrot":3,"minecraft:tuff":19,"minecraft:azure_bluet":1,"minecraft:snowball":1,"minecraft:lava_bucket":18,"biomesoplenty:cherry_planks":8,"minecraft:iron_helmet":1,"farmersdelight:tomato_sauce":15,"minecraft:magma_block":3,"farmersdelight:cutting_board":1,"minecraft:sweet_berries":147,"minecraft:furnace":14,"minecraft:egg":1,"minecraft:stone_pickaxe":1213,"minecraft:oak_planks":181,"minecraft:wooden_pickaxe":183,"biomesoplenty:fir_planks":11,"cold_sweat:fur_pants":1,"bunker_down:steel_block":1,"minecraft:bread":25,"minecraft:deepslate":9,"minecraft:gravel":13,"minecraft:lilac":47,"cold_sweat:fur_cap":1,"supplementaries:flax_seeds":5,"minecraft:diamond_sword":114,"minecraft:wooden_sword":169,"naturalist:cooked_duck":1,"minecraft:andesite":1,"minecraft:oak_boat":2,"minecraft:air":1,"minecraft:bone_meal":48,"marbledsarsenal:baseball_bat":51,"minecraft:rose_bush":88,"minecraft:stone_sword":426,"minecraft:armor_stand":2,"minecraft:spruce_planks":48,"minecraft:wooden_shovel":6,"minecraft:stone_hoe":107,"minecraft:oak_door":2,"minecraft:stick":2,"minecraft:torch":157,"minecraft:dirt":244,"minecraft:wooden_axe":71,"minecraft:iron_axe":33,"minecraft:oak_stairs":4,"naturalist:bass_bucket":2,"minecraft:cooked_beef":14,"farmersdelight:tomato_seeds":17,"minecraft:cobbled_deepslate":367,"minecraft:light_gray_bed":6,"minecraft:wheat_seeds":48,"minecraft:water_bucket":20,"minecraft:pink_tulip":1,"minecraft:glass_bottle":22,"minecraft:baked_potato":10,"minecraft:cobblestone_slab":1,"minecraft:crafting_table":35,"minecraft:oak_log":9,"minecraft:wooden_hoe":7,"minecraft:diamond_shovel":113,"minecraft:sunflower":40,"minecraft:iron_pickaxe":760,"minecraft:suspicious_stew":1,"minecraft:stone_axe":243,"farmersdelight:cooked_bacon":59,"minecraft:potion":37,"minecraft:cobblestone":391,"biomesoplenty:fir_door":1,"minecraft:cooked_porkchop":3,"minecraft:bucket":42,"minecraft:yellow_bed":5},"minecraft:killed":{"minecraft:zombified_piglin":4,"rottencreatures:burned":7,"naturalist:robin":1,"minecraft:chicken":2,"minecraft:pig":2,"minecraft:zombie_villager":4,"naturalist:snake":1,"minecraft:sheep":1,"minecraft:trader_llama":1,"minecraft:zombie":102,"minecraft:cow":3,"hordes:zombie_player":3,"naturalist:duck":1,"minecraft:drowned":17,"naturalist:cardinal":1,"rottencreatures:undead_miner":9,"minecraft:husk":46,"naturalist:bear":13},"minecraft:picked_up":{"minecraft:iron_chestplate":1,"minecraft:wheat":25,"cold_sweat:fur_cap":5,"minecraft:lead":1,"minecraft:diamond_sword":1,"minecraft:oak_stairs":4,"biomesoplenty:violet":1,"minecraft:potion":28,"minecraft:string":2,"minecraft:raw_copper":26,"minecraft:armor_stand":2,"minecraft:beetroot":8,"minecraft:gold_nugget":1,"minecraft:cobbled_deepslate":746,"biomesoplenty:fir_planks":37,"minecraft:spruce_planks":6,"minecraft:redstone_torch":10,"minecraft:rose_bush":88,"minecraft:cobblestone_slab":1,"farmersdelight:cabbage_seeds":2,"minecraft:furnace":13,"minecraft:stick":36,"farmersdelight:rotten_tomato":1,"minecraft:torch":107,"minecraft:porkchop":2,"minecraft:diorite":102,"minecraft:stone_sword":2,"minecraft:rotten_flesh":168,"minecraft:light_gray_bed":5,"farmersdelight:onion":2,"supplementaries:antique_ink":3,"supplementaries:ash":4,"minecraft:cobblestone":881,"minecraft:magma_block":3,"bunker_down:brittle_pickaxe":2,"taccraft:flak_vest_helmet":4,"minecraft:feather":12,"cold_sweat:fur_pants":1,"minecraft:lilac":50,"minecraft:andesite":100,"taccraft:nylon_stripe":1,"marbledsarsenal:barbed_baseball_bat":1,"bunker_down:steel_vent":1,"minecraft:potato":22,"biomesoplenty:fir_log":17,"minecraft:flint":1,"minecraft:tuff":68,"supplementaries:flax_seeds":5,"farmersdelight:cooked_bacon":42,"minecraft:lapis_lazuli":36,"farmersdelight:tomato":13,"minecraft:dirt":473,"minecraft:bone":24,"minecraft:wheat_seeds":117,"minecraft:raw_gold":4,"biomesoplenty:cherry_log":2,"minecraft:oak_planks":63,"biomesoplenty:toadstool":3,"minecraft:lily_of_the_valley":1,"minecraft:diamond":9,"minecraft:deepslate":9,"minecraft:granite":46,"minecraft:bone_meal":18,"minecraft:bread":4,"minecraft:emerald":8,"minecraft:oak_sapling":3,"rottencreatures:magma_rotten_flesh":3,"minecraft:crafting_table":22,"minecraft:azure_bluet":1,"minecraft:chicken":4,"minecraft:wooden_pickaxe":2,"marbledsapi:steel_sheet":5,"marbledsarsenal:baseball_bat":4,"farmersdelight:diamond_knife":1,"minecraft:iron_shovel":2,"minecraft:beef":10,"minecraft:iron_nugget":11,"minecraft:poppy":1,"minecraft:chest":1,"crittersandcompanions:clam":3,"minecraft:piston":1,"minecraft:phantom_membrane":1,"minecraft:egg":6,"minecraft:raw_iron":59,"naturalist:duck":1,"minecraft:oak_door":2,"sophisticatedbackpacks:backpack":1,"farmersdelight:tomato_seeds":26,"minecraft:carrot":90,"minecraft:redstone":10,"minecraft:beetroot_seeds":22,"minecraft:hay_block":31,"crittersandcompanions:silk":10,"minecraft:pink_tulip":1,"minecraft:white_wool":1,"minecraft:oxeye_daisy":2,"minecraft:stripped_oak_log":5,"minecraft:leather":9,"minecraft:oak_log":217,"minecraft:gunpowder":9,"minecraft:yellow_bed":6,"minecraft:wooden_hoe":1,"bunker_down:steel_block":3,"minecraft:apple":4,"farmersdelight:apple_cider":4,"minecraft:rabbit_hide":6,"minecraft:iron_ingot":14,"minecraft:stone_pickaxe":10,"minecraft:glass_bottle":5,"minecraft:sweet_berries":195,"minecraft:dandelion":1,"minecraft:gravel":13,"minecraft:white_bed":1,"minecraft:spruce_log":22,"minecraft:spider_eye":5,"minecraft:diamond_shovel":1,"biomesoplenty:maple_sapling":4,"minecraft:purple_bed":1,"minecraft:slime_ball":1,"minecraft:stone_axe":4,"minecraft:iron_helmet":1,"minecraft:coal":139,"minecraft:wooden_axe":1,"minecraft:sunflower":40},"minecraft:mined":{"minecraft:spruce_planks":5,"biomesoplenty:cherry_log":3,"minecraft:white_bed":1,"minecraft:farmland":1,"minecraft:granite":27,"minecraft:grass_block":193,"biomesoplenty:flowering_oak_leaves":2,"minecraft:light_gray_bed":4,"farmersdelight:budding_tomatoes":8,"minecraft:oxeye_daisy":1,"minecraft:iron_ore":41,"minecraft:cobbled_deepslate":9,"biomesoplenty:violet":1,"minecraft:azure_bluet":1,"minecraft:sculk_shrieker":1,"biomesoplenty:pink_cherry_leaves":3,"minecraft:dirt_path":2,"minecraft:oak_stairs":4,"minecraft:pink_tulip":1,"minecraft:deepslate_redstone_ore":2,"minecraft:torch":12,"minecraft:poppy":1,"minecraft:chest":1,"minecraft:dead_bush":3,"minecraft:cobblestone":83,"minecraft:oak_planks":38,"minecraft:wall_torch":47,"minecraft:wheat":34,"minecraft:lilac":52,"biomesoplenty:maple_leaves":17,"biomesoplenty:fir_log":17,"minecraft:grass":118,"minecraft:oak_log":111,"minecraft:beetroots":8,"minecraft:dirt":261,"minecraft:oak_leaves":17,"minecraft:deepslate":721,"biomesoplenty:reed":4,"minecraft:tuff":78,"minecraft:deepslate_diamond_ore":8,"minecraft:oak_door":1,"biomesoplenty:bush":6,"minecraft:hay_block":31,"minecraft:furnace":13,"minecraft:carrots":24,"biomesoplenty:toadstool":3,"minecraft:andesite":98,"bunker_down:steel_vent":1,"minecraft:potatoes":10,"minecraft:deepslate_iron_ore":9,"crittersandcompanions:silk_cocoon":2,"minecraft:stripped_oak_log":5,"bunker_down:steel_block":5,"minecraft:stone":789,"minecraft:glass_pane":1,"minecraft:lily_of_the_valley":1,"minecraft:crafting_table":23,"minecraft:spruce_button":1,"biomesoplenty:fir_planks":2,"minecraft:rose_bush":96,"minecraft:copper_ore":6,"minecraft:lapis_ore":3,"biomesoplenty:sprout":98,"minecraft:deepslate_gold_ore":2,"farmersdelight:wild_tomatoes":10,"minecraft:diorite":97,"supplementaries:urn":9,"minecraft:purple_bed":1,"minecraft:sweet_berry_bush":28,"minecraft:spruce_log":19,"minecraft:yellow_bed":6,"minecraft:coal_ore":74,"minecraft:sunflower":48,"minecraft:gravel":13,"minecraft:fern":5},"minecraft:crafted":{"naturalist:cooked_duck":1,"minecraft:oak_planks":380,"biomesoplenty:cherry_planks":8,"minecraft:iron_boots":1,"minecraft:stone_hoe":1,"minecraft:wooden_shovel":1,"minecraft:crafting_table":16,"minecraft:spruce_planks":72,"minecraft:iron_helmet":1,"minecraft:baked_potato":20,"minecraft:wooden_pickaxe":8,"biomesoplenty:fir_planks":68,"farmersdelight:cutting_board":1,"minecraft:wooden_hoe":1,"minecraft:stick":108,"minecraft:iron_ingot":41,"minecraft:iron_pickaxe":4,"minecraft:stone_sword":5,"biomesoplenty:fir_door":3,"minecraft:wooden_sword":3,"minecraft:oak_door":3,"minecraft:iron_nugget":9,"minecraft:furnace":6,"minecraft:bone_meal":30,"minecraft:iron_axe":1,"minecraft:stone_pickaxe":7,"marbledsarsenal:katana":1,"minecraft:wheat":198,"sophisticatedbackpacks:iron_backpack":1,"minecraft:bowl":8,"minecraft:stripped_oak_wood":3,"minecraft:bucket":2,"minecraft:stone_axe":4,"minecraft:bread":62,"minecraft:air":0,"minecraft:oak_boat":3,"minecraft:wooden_axe":6,"minecraft:iron_shovel":1,"minecraft:iron_leggings":1,"minecraft:torch":104,"marbledsarsenal:barbed_baseball_bat":1},"minecraft:dropped":{"bunker_down:steel_vent":1,"minecraft:piston":1,"minecraft:lapis_lazuli":8,"crittersandcompanions:clam":2,"minecraft:glass_bottle":7,"farmersdelight:cooked_bacon":2,"minecraft:dirt":37,"rottencreatures:magma_rotten_flesh":3,"marbledsarsenal:baseball_bat":1,"minecraft:white_wool":1,"taccraft:flak_vest_helmet":1,"minecraft:bone":1,"minecraft:stone_axe":2,"minecraft:cobbled_deepslate":217,"minecraft:wheat":2,"minecraft:rotten_flesh":56,"minecraft:oak_planks":2,"supplementaries:ash":4,"minecraft:beef":2,"minecraft:egg":1,"minecraft:wheat_seeds":5,"biomesoplenty:maple_sapling":2,"minecraft:feather":4,"minecraft:cobblestone":185,"minecraft:granite":46,"minecraft:stick":10,"minecraft:oxeye_daisy":1,"minecraft:diorite":16,"minecraft:wooden_axe":2,"minecraft:potion":6,"bunker_down:brittle_pickaxe":1,"minecraft:iron_shovel":1,"minecraft:string":1,"farmersdelight:rotten_tomato":1,"flashlight:flashlight":1,"minecraft:stone_sword":1,"minecraft:bowl":1,"minecraft:tuff":12,"minecraft:chicken":2,"cold_sweat:fur_cap":2,"flashlight:smallredstonebattery":1,"minecraft:andesite":88,"minecraft:oak_sapling":1,"bunker_down:steel_block":2,"minecraft:redstone_torch":5,"marbledsarsenal:katana":1,"minecraft:stone_pickaxe":2,"minecraft:wooden_pickaxe":4,"farmersdelight:apple_cider":1},"minecraft:broken":{"minecraft:iron_shovel":1,"minecraft:stone_pickaxe":9,"minecraft:wooden_sword":2,"minecraft:iron_pickaxe":3}},"DataVersion":3120}