{"stats":{"minecraft:killed":{"minecraft:witch":4,"minecraft:spider":9,"minecraft:cod":1,"minecraft:skeleton":24,"alexsmobs:centipede_head":1,"minecraft:piglin_brute":3,"artifacts:mimic":3,"minecraft:piglin":12,"minecraft:zombie_villager":2,"minecraft:salmon":8,"alexsmobs:seal":2,"minecraft:iron_golem":1,"minecraft:strider":1,"minecraft:creeper":3,"alexsmobs:crimson_mosquito":5,"minecraft:pillager":10,"minecraft:zombie":50,"alexsmobs:terrapin":1,"minecraft:ghast":1,"takesapillage:archer":4,"minecraft:cow":2,"alexsmobs:bone_serpent":1,"alexsmobs:dropbear":2,"minecraft:evoker":3,"minecraft:vex":5,"takesapillage:legioner":5,"alexsmobs:raccoon":1,"minecraft:vindicator":4,"alexsmobs:blue_jay":1,"alexsmobs:comb_jelly":2,"minecraft:drowned":1,"alexsmobs:skreecher":1,"alexsmobs:flying_fish":3,"mowziesmobs:grottol":1,"takesapillage:skirmisher":1,"minecraft:rabbit":1,"minecraft:hoglin":4,"alexsmobs:cockroach":1,"alexsmobs:crow":1,"minecraft:enderman":3},"minecraft:picked_up":{"minecraft:wooden_axe":1,"minecraft:wheat":3,"minecraft:chainmail_boots":3,"minecraft:diamond_sword":1,"minecraft:potion":1,"minecraft:golden_shovel":1,"minecraft:gilded_blackstone":2,"minecraft:nether_brick":6,"minecraft:crimson_planks":54,"minecraft:golden_sword":2,"minecraft:polished_blackstone_brick_stairs":11,"minecraft:string":9,"minecraft:raw_copper":12,"minecraft:cooked_salmon":2,"minecraft:experience_bottle":1,"securitycraft:reinforced_dirt":3,"alexsmobs:dropbear_claw":2,"alexsmobs:blood_sac":4,"minecraft:diamond_leggings":3,"minecraft:gold_nugget":91,"minecraft:cobbled_deepslate":546,"securitycraft:reinforced_spruce_planks":1,"minecraft:spruce_planks":2,"alexsmobs:raccoon_tail":1,"biomesoplenty:redwood_wood":8,"minecraft:furnace":5,"farmersdelight:cabbage_seeds":2,"minecraft:iron_boots":1,"biomesoplenty:rose_quartz_block":5,"minecraft:stick":15,"minecraft:torch":4,"minecraft:porkchop":31,"minecraft:golden_axe":4,"minecraft:diorite":37,"minecraft:warped_planks":2,"alexsmobs:centipede_leg":3,"minecraft:rotten_flesh":51,"biomesoplenty:rose_quartz_chunk":13,"minecraft:obsidian":15,"minecraft:cod":1,"alexsmobs:flying_fish":4,"minecraft:cobblestone":329,"minecraft:feather":4,"minecraft:cooked_beef":8,"minecraft:magma_cream":7,"minecraft:water_bucket":1,"minecraft:golden_leggings":3,"minecraft:smoker":2,"alexsmobs:bear_fur":2,"biomesoplenty:fir_log":9,"minecraft:tuff":48,"minecraft:magenta_bed":1,"minecraft:lapis_lazuli":110,"minecraft:dirt":843,"minecraft:twisting_vines":5,"securitycraft:reinforced_stone_button":16,"minecraft:bone":21,"minecraft:wheat_seeds":21,"minecraft:raw_gold":2,"minecraft:rabbit":1,"minecraft:diamond_helmet":5,"minecraft:glowstone_dust":1,"minecraft:chiseled_polished_blackstone":3,"minecraft:cooked_porkchop":8,"minecraft:warped_wart_block":7,"minecraft:stripped_crimson_stem":1,"minecraft:sand":181,"sophisticatedbackpacks:iron_backpack":1,"minecraft:grass_block":33,"minecraft:spectral_arrow":14,"minecraft:dark_oak_log":14,"minecraft:snout_armor_trim_smithing_template":1,"minecraft:diamond":50,"minecraft:spruce_boat":2,"waystones:waystone":1,"minecraft:cracked_polished_blackstone_bricks":56,"minecraft:crossbow":1,"minecraft:granite":56,"minecraft:emerald":20,"minecraft:golden_horse_armor":4,"minecraft:chainmail_helmet":1,"minecraft:bread":61,"biomesoplenty:pink_daffodil":1,"minecraft:netherrack":961,"minecraft:diamond_pickaxe":1,"minecraft:charcoal":2,"minecraft:crafting_table":15,"minecraft:azure_bluet":3,"biomesoplenty:flesh":6,"minecraft:gold_block":9,"minecraft:crimson_trapdoor":1,"minecraft:shield":2,"minecraft:cornflower":4,"minecraft:iron_axe":6,"minecraft:flint_and_steel":2,"artifacts:feral_claws":1,"takesapillage:ravager_horn":3,"minecraft:blackstone":58,"minecraft:candle":1,"minecraft:stripped_warped_stem":1,"minecraft:beef":3,"immersive_melodies:trumpet":1,"minecraft:iron_nugget":22,"minecraft:poppy":16,"minecraft:sugar_cane":5,"minecraft:chest":1,"minecraft:spruce_trapdoor":4,"minecraft:raw_iron":77,"minecraft:sandstone":11,"minecraft:stone":5,"artifacts:charm_of_sinking":1,"sophisticatedbackpacks:backpack":1,"minecraft:fire_charge":1,"minecraft:polished_blackstone_bricks":168,"minecraft:carrot":94,"minecraft:redstone":36,"minecraft:iron_horse_armor":2,"artifacts:snorkel":1,"minecraft:stone_shovel":2,"minecraft:arrow":50,"minecraft:diamond_chestplate":2,"artifacts:cowboy_hat":1,"minecraft:cooked_cod":2,"minecraft:beetroot_seeds":2,"minecraft:diamond_boots":2,"minecraft:totem_of_undying":4,"minecraft:gold_ingot":16,"minecraft:bone_block":10,"minecraft:white_wool":3,"minecraft:oxeye_daisy":6,"minecraft:basalt":4,"minecraft:golden_carrot":59,"minecraft:glow_ink_sac":1,"minecraft:salmon":8,"minecraft:leather":12,"alexsmobs:skreecher_soul":2,"minecraft:birch_planks":1,"immersive_melodies:bagpipe":1,"minecraft:oak_log":7,"minecraft:ancient_debris":1,"minecraft:golden_boots":4,"minecraft:gunpowder":5,"minecraft:paper":5,"minecraft:white_banner":5,"minecraft:kelp":4,"minecraft:warped_stem":11,"alexsmobs:cockroach_wing_fragment":5,"minecraft:rabbit_hide":1,"minecraft:iron_ingot":17,"minecraft:stone_pickaxe":1,"artifacts:kitty_slippers":1,"minecraft:iron_sword":4,"minecraft:soul_sand":87,"minecraft:book":1,"minecraft:smooth_basalt":1,"minecraft:quartz":26,"minecraft:dandelion":10,"minecraft:gravel":12,"minecraft:spruce_sapling":5,"minecraft:spruce_log":7,"minecraft:crying_obsidian":11,"minecraft:spider_eye":11,"minecraft:leather_helmet":1,"minecraft:diamond_shovel":2,"minecraft:stone_axe":1,"minecraft:chainmail_leggings":3,"alexsmobs:rainbow_jelly":4,"minecraft:warped_roots":6,"minecraft:melon_seeds":8,"minecraft:coal":47},"minecraft:dropped":{"minecraft:iron_sword":3,"minecraft:warped_stem":5,"minecraft:soul_sand":77,"biomesoplenty:pink_daffodil":1,"minecraft:golden_pickaxe":1,"minecraft:crafting_table":1,"minecraft:warped_roots":5,"minecraft:iron_horse_armor":3,"biomesoplenty:rose_quartz_chunk":1,"minecraft:emerald":9,"minecraft:cracked_polished_blackstone_bricks":34,"minecraft:dirt":333,"minecraft:cornflower":2,"minecraft:cooked_cod":3,"artifacts:charm_of_sinking":1,"minecraft:gilded_blackstone":1,"minecraft:sand":64,"minecraft:polished_blackstone_bricks":128,"minecraft:gold_ingot":36,"alexsmobs:skreecher_soul":1,"minecraft:stone_axe":1,"minecraft:blackstone":8,"minecraft:sugar_cane":5,"minecraft:cobbled_deepslate":7,"minecraft:twisting_vines":1,"minecraft:wheat":6,"minecraft:rotten_flesh":12,"minecraft:diamond_shovel":1,"minecraft:azure_bluet":1,"minecraft:poppy":3,"minecraft:rabbit_hide":1,"minecraft:beetroot_seeds":4,"minecraft:melon_seeds":12,"minecraft:chainmail_boots":2,"minecraft:arrow":8,"minecraft:quartz":4,"minecraft:netherrack":70,"minecraft:iron_ingot":1,"minecraft:water_bucket":1,"minecraft:golden_boots":1,"minecraft:bread":7,"minecraft:wheat_seeds":3,"minecraft:golden_horse_armor":4,"minecraft:diamond_leggings":1,"minecraft:golden_axe":5,"minecraft:book":1,"minecraft:chainmail_helmet":2,"minecraft:oxeye_daisy":6,"minecraft:cooked_salmon":1,"minecraft:diamond_helmet":3,"minecraft:fire_charge":1,"minecraft:potion":1,"minecraft:white_banner":2,"minecraft:iron_axe":5,"minecraft:chainmail_leggings":2,"minecraft:spruce_sapling":1,"minecraft:furnace":1,"minecraft:kelp":4,"minecraft:tuff":1,"farmersdelight:cabbage_seeds":2,"minecraft:stone_shovel":2,"minecraft:flint_and_steel":2,"takesapillage:ravager_horn":2,"minecraft:stone":5,"minecraft:shield":2,"alexsmobs:cockroach_wing_fragment":2,"minecraft:spruce_planks":1,"minecraft:spruce_trapdoor":4,"minecraft:golden_sword":1,"minecraft:spider_eye":10,"minecraft:stripped_warped_stem":1,"minecraft:stone_pickaxe":1,"waystones:waystone":1},"minecraft:used":{"minecraft:poppy":3,"minecraft:diamond_hoe":1470,"minecraft:chest":4,"minecraft:shield":131,"minecraft:rotten_flesh":3,"minecraft:stripped_crimson_stem":1,"minecraft:iron_chestplate":1,"minecraft:soul_sand":10,"securitycraft:keypad_item":2,"minecraft:carrot":29,"minecraft:tuff":24,"minecraft:spruce_boat":1,"minecraft:lava_bucket":3,"minecraft:grass_block":33,"minecraft:bow":56,"minecraft:furnace":6,"minecraft:cooked_cod":29,"biomesoplenty:flesh":2,"minecraft:chiseled_polished_blackstone":1,"minecraft:diamond_boots":22,"securitycraft:reinforced_spruce_planks":1,"minecraft:stone_pickaxe":19,"alexsmobs:flying_fish_boots":16,"minecraft:blackstone":2,"minecraft:sandstone":11,"minecraft:wooden_pickaxe":22,"biomesoplenty:fir_planks":32,"minecraft:chainmail_helmet":1,"minecraft:diamond_axe":152,"minecraft:cookie":6,"minecraft:sand":1,"securitycraft:universal_block_remover":19,"alexsmobs:terrapin_bucket":2,"minecraft:bread":65,"minecraft:stone_button":16,"minecraft:golden_helmet":1,"minecraft:diamond_sword":568,"minecraft:cooked_rabbit":1,"minecraft:bone_meal":73,"minecraft:flint_and_steel":39,"minecraft:spruce_planks":10,"minecraft:cooked_salmon":9,"minecraft:stone_hoe":60,"minecraft:netherrack":634,"minecraft:torch":49,"minecraft:dirt":213,"minecraft:warped_wart_block":2,"minecraft:diamond_helmet":2,"minecraft:golden_shovel":40,"securitycraft:reinforced_dirt":2,"minecraft:wooden_axe":10,"minecraft:iron_axe":20,"alexsmobs:rainbow_jelly":2,"minecraft:polished_blackstone_brick_stairs":9,"minecraft:iron_boots":5,"minecraft:crimson_planks":22,"minecraft:totem_of_undying":1,"minecraft:golden_carrot":102,"minecraft:basalt":3,"minecraft:cooked_beef":7,"minecraft:cobbled_deepslate":201,"minecraft:water_bucket":29,"minecraft:baked_potato":1,"minecraft:polished_blackstone_bricks":34,"minecraft:crafting_table":19,"minecraft:magenta_bed":1,"minecraft:white_bed":2,"minecraft:warped_planks":6,"minecraft:smoker":1,"minecraft:cornflower":2,"minecraft:diamond_pickaxe":2746,"minecraft:diamond_shovel":1322,"minecraft:cracked_polished_blackstone_bricks":9,"minecraft:spruce_sapling":5,"minecraft:stone_axe":21,"minecraft:cobblestone":24,"minecraft:white_banner":2,"minecraft:cooked_porkchop":51,"minecraft:bucket":35,"minecraft:pumpkin_pie":2},"minecraft:broken":{"minecraft:golden_helmet":1,"minecraft:golden_boots":1,"minecraft:diamond_helmet":1,"minecraft:golden_shovel":1,"minecraft:diamond_boots":2,"minecraft:diamond_chestplate":1,"minecraft:diamond_leggings":1,"minecraft:shield":2},"minecraft:custom":{"minecraft:interact_with_crafting_table":55,"minecraft:open_barrel":162,"minecraft:bell_ring":1,"minecraft:eat_cake_slice":6,"minecraft:leave_game":5,"minecraft:time_since_death":34518,"minecraft:sprint_one_cm":1616903,"minecraft:damage_blocked_by_shield":10697,"minecraft:drop":169,"minecraft:talked_to_villager":11,"minecraft:play_time":634814,"minecraft:deaths":40,"minecraft:jump":14353,"minecraft:walk_on_water_one_cm":54466,"minecraft:interact_with_furnace":84,"minecraft:interact_with_cartography_table":1,"minecraft:sleep_in_bed":12,"minecraft:waystone_activated":3,"minecraft:damage_dealt":38968,"minecraft:crouch_one_cm":105083,"minecraft:interact_with_smoker":13,"minecraft:interact_with_smithing_table":4,"minecraft:mob_kills":202,"minecraft:climb_one_cm":15007,"minecraft:walk_one_cm":1429498,"minecraft:damage_dealt_absorbed":58,"minecraft:raid_win":2,"minecraft:sneak_time":34040,"minecraft:walk_under_water_one_cm":55198,"minecraft:boat_one_cm":198417,"minecraft:interact_with_blast_furnace":12,"minecraft:total_world_time":634814,"minecraft:interact_with_stonecutter":1,"minecraft:interact_with_grindstone":1,"minecraft:time_since_rest":1696,"minecraft:damage_taken":35545,"minecraft:damage_absorbed":80,"minecraft:swim_one_cm":324745,"minecraft:fly_one_cm":3221126,"minecraft:open_chest":123,"minecraft:fall_one_cm":381254},"minecraft:killed_by":{"minecraft:evoker":1,"minecraft:player":1,"takesapillage:legioner":1,"minecraft:iron_golem":1,"alexsmobs:bison":1},"minecraft:crafted":{"minecraft:oak_planks":28,"minecraft:stone":22,"securitycraft:keypad_item":2,"minecraft:heavy_weighted_pressure_plate":2,"minecraft:warped_planks":8,"securitycraft:laser_block":1,"minecraft:glass":54,"minecraft:bow":1,"minecraft:chest":4,"minecraft:stone_hoe":1,"minecraft:cooked_rabbit":1,"minecraft:cooked_porkchop":37,"minecraft:crafting_table":6,"minecraft:spruce_planks":28,"minecraft:wooden_pickaxe":1,"minecraft:baked_potato":1,"biomesoplenty:fir_planks":36,"minecraft:shield":3,"sophisticatedbackpacks:diamond_backpack":1,"minecraft:stick":24,"minecraft:iron_ingot":5,"minecraft:gold_ingot":51,"minecraft:shears":1,"securitycraft:universal_block_reinforcer_lvl1":1,"minecraft:golden_carrot":48,"minecraft:furnace":4,"minecraft:stone_button":16,"minecraft:bone_meal":60,"minecraft:glass_pane":16,"securitycraft:universal_block_remover":1,"minecraft:stone_pickaxe":1,"minecraft:redstone_block":1,"alexsmobs:flying_fish_boots":1,"minecraft:golden_helmet":2,"sophisticatedbackpacks:iron_backpack":1,"minecraft:cooked_cod":30,"minecraft:crimson_planks":76,"biomesoplenty:redwood_planks":32,"minecraft:cooked_salmon":8,"sophisticatedbackpacks:gold_backpack":2,"minecraft:stone_axe":1,"minecraft:air":0,"minecraft:white_wool":9,"minecraft:gold_nugget":360,"minecraft:raw_gold":27,"minecraft:wooden_axe":1,"minecraft:white_bed":2,"minecraft:torch":52},"minecraft:mined":{"minecraft:stripped_warped_stem":1,"minecraft:spruce_planks":1,"minecraft:sculk_vein":81,"minecraft:granite":56,"minecraft:chiseled_polished_blackstone":3,"minecraft:crimson_trapdoor":1,"minecraft:grass_block":533,"sophisticatedbackpacks:iron_backpack":1,"biomesoplenty:rose_quartz_block":7,"minecraft:cracked_polished_blackstone_bricks":39,"minecraft:spawner":2,"minecraft:gilded_blackstone":2,"biomesoplenty:blackstone_bulb":3,"minecraft:polished_blackstone_bricks":106,"minecraft:iron_ore":22,"minecraft:cobbled_deepslate":6,"minecraft:fire":124,"minecraft:deepslate_lapis_ore":15,"minecraft:sculk_shrieker":6,"minecraft:dirt_path":1,"minecraft:white_banner":2,"biomesoplenty:medium_rose_quartz_bud":2,"minecraft:blackstone":34,"minecraft:twisting_vines_plant":6,"minecraft:smoker":3,"minecraft:torch":1,"minecraft:chest":2,"minecraft:nether_quartz_ore":4,"minecraft:cobblestone":5,"minecraft:wall_torch":1,"minecraft:deepslate_copper_ore":1,"minecraft:warped_nylium":30,"minecraft:magenta_bed":1,"biomesoplenty:large_rose_quartz_bud":5,"minecraft:warped_fungus":2,"biomesoplenty:fir_log":9,"minecraft:grass":34,"biomesoplenty:clover":3,"minecraft:oak_log":11,"minecraft:sand":150,"minecraft:dirt":506,"minecraft:smooth_basalt":1,"minecraft:netherrack":1124,"minecraft:stripped_crimson_stem":1,"minecraft:oak_leaves":4,"minecraft:deepslate":490,"minecraft:nether_gold_ore":24,"minecraft:tuff":40,"minecraft:deepslate_diamond_ore":49,"minecraft:dark_oak_log":15,"minecraft:spruce_leaves":20,"minecraft:redstone_ore":8,"minecraft:spruce_sapling":3,"minecraft:furnace":5,"minecraft:carrots":26,"minecraft:nether_sprouts":1,"minecraft:andesite":18,"biomesoplenty:flesh":7,"minecraft:gold_block":22,"minecraft:deepslate_iron_ore":54,"minecraft:warped_stem":4,"minecraft:stone":459,"biomesoplenty:rose_quartz_cluster":5,"minecraft:bone_block":7,"sophisticatedbackpacks:backpack":1,"minecraft:smithing_table":1,"minecraft:soul_sand":79,"minecraft:basalt":4,"minecraft:dandelion":2,"minecraft:crafting_table":14,"minecraft:warped_roots":6,"minecraft:sculk_sensor":26,"minecraft:copper_ore":5,"minecraft:tall_grass":2,"biomesoplenty:sprout":3,"minecraft:deepslate_gold_ore":2,"biomesoplenty:huge_clover_petal":1,"minecraft:polished_blackstone_brick_stairs":11,"minecraft:sculk":1412,"minecraft:diorite":37,"minecraft:warped_wart_block":8,"minecraft:birch_planks":1,"biomesoplenty:pink_daffodil":1,"minecraft:spruce_log":7,"minecraft:coal_ore":33,"minecraft:gravel":12,"biomesoplenty:redwood_wood":8}},"DataVersion":3465}