{"stats":{"minecraft:killed":{"minecraft:witch":4,"minecraft:spider":4,"minecraft:cod":1,"minecraft:skeleton":12,"alexsmobs:centipede_head":1,"minecraft:piglin_brute":3,"minecraft:piglin":12,"minecraft:salmon":8,"alexsmobs:seal":2,"minecraft:strider":1,"alexsmobs:crimson_mosquito":5,"minecraft:pillager":7,"minecraft:zombie":15,"minecraft:ghast":1,"takesapillage:archer":4,"minecraft:cow":2,"alexsmobs:bone_serpent":1,"alexsmobs:dropbear":2,"minecraft:evoker":3,"minecraft:vex":5,"takesapillage:legioner":5,"minecraft:vindicator":4,"alexsmobs:blue_jay":1,"alexsmobs:comb_jelly":2,"minecraft:drowned":1,"takesapillage:skirmisher":1,"minecraft:rabbit":1,"minecraft:hoglin":4,"minecraft:enderman":1},"minecraft:picked_up":{"minecraft:wooden_axe":1,"minecraft:wheat":3,"minecraft:chainmail_boots":3,"minecraft:diamond_sword":1,"minecraft:potion":1,"minecraft:golden_shovel":1,"minecraft:nether_brick":6,"minecraft:gilded_blackstone":2,"minecraft:crimson_planks":54,"minecraft:golden_sword":2,"minecraft:polished_blackstone_brick_stairs":11,"minecraft:string":5,"minecraft:raw_copper":12,"minecraft:cooked_salmon":1,"minecraft:experience_bottle":1,"alexsmobs:dropbear_claw":2,"alexsmobs:blood_sac":4,"minecraft:diamond_leggings":2,"minecraft:gold_nugget":91,"minecraft:cobbled_deepslate":100,"biomesoplenty:redwood_wood":8,"minecraft:furnace":5,"minecraft:iron_boots":1,"biomesoplenty:rose_quartz_block":5,"minecraft:stick":15,"minecraft:torch":2,"minecraft:porkchop":31,"minecraft:golden_axe":4,"minecraft:diorite":37,"alexsmobs:centipede_leg":1,"minecraft:rotten_flesh":19,"biomesoplenty:rose_quartz_chunk":13,"minecraft:obsidian":15,"minecraft:cod":1,"minecraft:cobblestone":190,"minecraft:feather":4,"minecraft:cooked_beef":8,"minecraft:magma_cream":7,"minecraft:golden_leggings":3,"biomesoplenty:fir_log":9,"minecraft:tuff":2,"minecraft:lapis_lazuli":25,"minecraft:dirt":50,"minecraft:twisting_vines":5,"minecraft:bone":18,"minecraft:rabbit":1,"minecraft:diamond_helmet":4,"minecraft:glowstone_dust":1,"minecraft:chiseled_polished_blackstone":3,"minecraft:cooked_porkchop":8,"minecraft:warped_wart_block":7,"minecraft:stripped_crimson_stem":1,"sophisticatedbackpacks:iron_backpack":1,"minecraft:grass_block":32,"minecraft:spectral_arrow":14,"minecraft:snout_armor_trim_smithing_template":1,"minecraft:spruce_boat":2,"waystones:waystone":1,"minecraft:cracked_polished_blackstone_bricks":56,"minecraft:crossbow":1,"minecraft:granite":56,"minecraft:bread":61,"minecraft:emerald":20,"minecraft:golden_horse_armor":4,"minecraft:chainmail_helmet":1,"biomesoplenty:pink_daffodil":1,"minecraft:netherrack":961,"minecraft:crafting_table":10,"minecraft:azure_bluet":2,"biomesoplenty:flesh":5,"minecraft:gold_block":9,"minecraft:crimson_trapdoor":1,"minecraft:shield":2,"minecraft:flint_and_steel":2,"minecraft:iron_axe":5,"takesapillage:ravager_horn":3,"minecraft:blackstone":58,"minecraft:candle":1,"minecraft:stripped_warped_stem":1,"minecraft:beef":3,"immersive_melodies:trumpet":1,"minecraft:poppy":12,"minecraft:iron_nugget":22,"minecraft:chest":1,"minecraft:spruce_trapdoor":4,"minecraft:raw_iron":38,"sophisticatedbackpacks:backpack":1,"minecraft:fire_charge":1,"minecraft:polished_blackstone_bricks":168,"minecraft:carrot":21,"minecraft:redstone":36,"minecraft:iron_horse_armor":2,"artifacts:snorkel":1,"minecraft:stone_shovel":2,"minecraft:arrow":36,"minecraft:diamond_chestplate":1,"minecraft:beetroot_seeds":2,"minecraft:diamond_boots":1,"minecraft:totem_of_undying":4,"minecraft:gold_ingot":16,"minecraft:bone_block":10,"minecraft:basalt":4,"minecraft:golden_carrot":56,"minecraft:salmon":8,"minecraft:leather":12,"minecraft:birch_planks":1,"immersive_melodies:bagpipe":1,"minecraft:ancient_debris":1,"minecraft:golden_boots":4,"minecraft:gunpowder":2,"minecraft:paper":5,"minecraft:white_banner":5,"minecraft:kelp":4,"minecraft:warped_stem":11,"minecraft:rabbit_hide":1,"minecraft:iron_ingot":17,"minecraft:stone_pickaxe":1,"minecraft:soul_sand":87,"minecraft:iron_sword":4,"minecraft:book":1,"minecraft:quartz":26,"minecraft:gravel":12,"minecraft:spruce_sapling":4,"minecraft:spruce_log":7,"minecraft:crying_obsidian":11,"minecraft:spider_eye":11,"minecraft:diamond_shovel":2,"minecraft:stone_axe":1,"minecraft:chainmail_leggings":3,"alexsmobs:rainbow_jelly":2,"minecraft:warped_roots":6,"minecraft:melon_seeds":8,"minecraft:coal":44},"minecraft:dropped":{"minecraft:iron_sword":3,"minecraft:warped_stem":5,"minecraft:soul_sand":77,"biomesoplenty:pink_daffodil":1,"minecraft:crafting_table":1,"minecraft:warped_roots":5,"biomesoplenty:rose_quartz_chunk":1,"minecraft:iron_horse_armor":3,"minecraft:emerald":9,"minecraft:cracked_polished_blackstone_bricks":34,"minecraft:gilded_blackstone":1,"minecraft:polished_blackstone_bricks":128,"minecraft:gold_ingot":36,"minecraft:stone_axe":1,"minecraft:blackstone":8,"minecraft:twisting_vines":1,"minecraft:wheat":6,"minecraft:rotten_flesh":4,"minecraft:diamond_shovel":1,"minecraft:poppy":2,"minecraft:rabbit_hide":1,"minecraft:beetroot_seeds":4,"minecraft:melon_seeds":12,"minecraft:chainmail_boots":2,"minecraft:arrow":8,"minecraft:quartz":4,"minecraft:netherrack":70,"minecraft:golden_boots":1,"minecraft:bread":7,"minecraft:golden_horse_armor":4,"minecraft:diamond_leggings":1,"minecraft:golden_axe":4,"minecraft:book":1,"minecraft:chainmail_helmet":1,"minecraft:diamond_helmet":3,"minecraft:fire_charge":1,"minecraft:potion":1,"minecraft:white_banner":2,"minecraft:iron_axe":4,"minecraft:chainmail_leggings":2,"minecraft:furnace":1,"minecraft:kelp":4,"minecraft:stone_shovel":2,"minecraft:flint_and_steel":2,"takesapillage:ravager_horn":2,"minecraft:shield":2,"minecraft:spruce_trapdoor":4,"minecraft:golden_sword":1,"minecraft:spider_eye":10,"minecraft:stripped_warped_stem":1,"minecraft:stone_pickaxe":1,"waystones:waystone":1},"minecraft:used":{"minecraft:diamond_hoe":9,"minecraft:shield":87,"minecraft:rotten_flesh":3,"minecraft:stripped_crimson_stem":1,"minecraft:soul_sand":10,"minecraft:carrot":14,"minecraft:spruce_boat":1,"minecraft:grass_block":32,"minecraft:furnace":6,"biomesoplenty:flesh":2,"minecraft:chiseled_polished_blackstone":1,"minecraft:diamond_boots":6,"minecraft:stone_pickaxe":19,"minecraft:blackstone":2,"minecraft:wooden_pickaxe":22,"biomesoplenty:fir_planks":32,"minecraft:diamond_axe":109,"minecraft:bread":54,"minecraft:golden_helmet":1,"minecraft:diamond_sword":288,"minecraft:cooked_rabbit":1,"minecraft:bone_meal":41,"minecraft:flint_and_steel":39,"minecraft:spruce_planks":10,"minecraft:cooked_salmon":6,"minecraft:netherrack":619,"minecraft:torch":18,"minecraft:dirt":76,"minecraft:warped_wart_block":2,"minecraft:diamond_helmet":2,"minecraft:golden_shovel":40,"minecraft:wooden_axe":10,"minecraft:iron_axe":20,"minecraft:polished_blackstone_brick_stairs":9,"minecraft:iron_boots":5,"minecraft:totem_of_undying":1,"minecraft:crimson_planks":9,"minecraft:basalt":3,"minecraft:golden_carrot":63,"minecraft:cooked_beef":7,"minecraft:baked_potato":1,"minecraft:polished_blackstone_bricks":34,"minecraft:crafting_table":11,"minecraft:warped_planks":4,"minecraft:diamond_pickaxe":1883,"minecraft:diamond_shovel":122,"minecraft:cracked_polished_blackstone_bricks":9,"minecraft:spruce_sapling":5,"minecraft:stone_axe":21,"minecraft:cobblestone":4,"minecraft:white_banner":2,"minecraft:cooked_porkchop":40,"minecraft:pumpkin_pie":2},"minecraft:broken":{"minecraft:golden_helmet":1,"minecraft:golden_boots":1,"minecraft:golden_shovel":1,"minecraft:diamond_boots":1,"minecraft:diamond_chestplate":1,"minecraft:diamond_leggings":1,"minecraft:shield":1},"minecraft:custom":{"minecraft:interact_with_crafting_table":23,"minecraft:open_barrel":118,"minecraft:bell_ring":1,"minecraft:eat_cake_slice":6,"minecraft:leave_game":4,"minecraft:time_since_death":109740,"minecraft:sprint_one_cm":1052771,"minecraft:damage_blocked_by_shield":6901,"minecraft:drop":115,"minecraft:talked_to_villager":7,"minecraft:play_time":371024,"minecraft:deaths":26,"minecraft:jump":9307,"minecraft:walk_on_water_one_cm":16156,"minecraft:interact_with_furnace":43,"minecraft:sleep_in_bed":2,"minecraft:waystone_activated":1,"minecraft:damage_dealt":23520,"minecraft:crouch_one_cm":74066,"minecraft:interact_with_smoker":5,"minecraft:interact_with_smithing_table":4,"minecraft:mob_kills":126,"minecraft:climb_one_cm":9412,"minecraft:walk_one_cm":827593,"minecraft:damage_dealt_absorbed":58,"minecraft:raid_win":2,"minecraft:sneak_time":24183,"minecraft:walk_under_water_one_cm":40987,"minecraft:boat_one_cm":198417,"minecraft:interact_with_blast_furnace":2,"minecraft:total_world_time":371024,"minecraft:interact_with_grindstone":1,"minecraft:time_since_rest":7935,"minecraft:damage_taken":19710,"minecraft:damage_absorbed":80,"minecraft:swim_one_cm":150558,"minecraft:fly_one_cm":2079069,"minecraft:open_chest":81,"minecraft:fall_one_cm":238587},"minecraft:crafted":{"minecraft:warped_planks":8,"minecraft:cooked_rabbit":1,"minecraft:cooked_porkchop":37,"minecraft:crafting_table":5,"minecraft:spruce_planks":28,"minecraft:wooden_pickaxe":1,"minecraft:baked_potato":1,"biomesoplenty:fir_planks":36,"minecraft:shield":2,"minecraft:stick":16,"minecraft:gold_ingot":51,"minecraft:golden_carrot":7,"minecraft:furnace":4,"minecraft:bone_meal":60,"minecraft:stone_pickaxe":1,"minecraft:golden_helmet":2,"sophisticatedbackpacks:iron_backpack":1,"minecraft:crimson_planks":76,"biomesoplenty:redwood_planks":32,"minecraft:cooked_salmon":5,"sophisticatedbackpacks:gold_backpack":2,"minecraft:stone_axe":1,"minecraft:air":0,"minecraft:wooden_axe":1,"minecraft:torch":16},"minecraft:killed_by":{"minecraft:evoker":1,"minecraft:player":1,"takesapillage:legioner":1,"minecraft:iron_golem":1,"alexsmobs:bison":1},"minecraft:mined":{"minecraft:stripped_warped_stem":1,"minecraft:granite":56,"minecraft:chiseled_polished_blackstone":3,"minecraft:crimson_trapdoor":1,"minecraft:grass_block":38,"sophisticatedbackpacks:iron_backpack":1,"biomesoplenty:rose_quartz_block":7,"minecraft:cracked_polished_blackstone_bricks":39,"minecraft:gilded_blackstone":2,"biomesoplenty:blackstone_bulb":3,"minecraft:polished_blackstone_bricks":106,"minecraft:iron_ore":14,"minecraft:fire":18,"minecraft:white_banner":2,"biomesoplenty:medium_rose_quartz_bud":2,"minecraft:blackstone":34,"minecraft:twisting_vines_plant":6,"minecraft:smoker":1,"minecraft:chest":2,"minecraft:nether_quartz_ore":4,"minecraft:wall_torch":1,"minecraft:deepslate_copper_ore":1,"minecraft:warped_nylium":30,"biomesoplenty:large_rose_quartz_bud":5,"minecraft:warped_fungus":2,"biomesoplenty:fir_log":9,"minecraft:grass":6,"biomesoplenty:clover":3,"minecraft:dirt":45,"minecraft:netherrack":1124,"minecraft:stripped_crimson_stem":1,"minecraft:deepslate":97,"minecraft:nether_gold_ore":24,"minecraft:tuff":2,"minecraft:spruce_leaves":2,"minecraft:redstone_ore":8,"minecraft:spruce_sapling":3,"minecraft:furnace":5,"minecraft:carrots":5,"minecraft:nether_sprouts":1,"biomesoplenty:flesh":7,"minecraft:gold_block":22,"minecraft:deepslate_iron_ore":24,"minecraft:warped_stem":4,"sophisticatedbackpacks:backpack":1,"minecraft:stone":189,"minecraft:bone_block":7,"biomesoplenty:rose_quartz_cluster":5,"minecraft:smithing_table":1,"minecraft:soul_sand":79,"minecraft:basalt":4,"minecraft:crafting_table":9,"minecraft:warped_roots":6,"minecraft:copper_ore":3,"biomesoplenty:sprout":3,"biomesoplenty:huge_clover_petal":1,"minecraft:polished_blackstone_brick_stairs":11,"minecraft:diorite":37,"minecraft:warped_wart_block":8,"minecraft:birch_planks":1,"biomesoplenty:pink_daffodil":1,"minecraft:spruce_log":7,"minecraft:coal_ore":26,"minecraft:gravel":1,"biomesoplenty:redwood_wood":8}},"DataVersion":3465}