{"stats":{"minecraft:crafted":{"naturalist:cooked_duck":1,"minecraft:wooden_sword":1,"minecraft:oak_planks":220,"biomesoplenty:cherry_planks":8,"minecraft:iron_nugget":9,"minecraft:furnace":5,"minecraft:bone_meal":21,"minecraft:iron_boots":1,"minecraft:iron_axe":1,"minecraft:stone_pickaxe":4,"minecraft:stone_hoe":1,"marbledsarsenal:katana":1,"sophisticatedbackpacks:iron_backpack":1,"minecraft:crafting_table":10,"minecraft:spruce_planks":72,"minecraft:iron_helmet":1,"minecraft:wooden_pickaxe":4,"minecraft:baked_potato":14,"minecraft:bowl":8,"minecraft:stripped_oak_wood":3,"minecraft:bucket":1,"minecraft:stone_axe":2,"minecraft:bread":8,"minecraft:air":0,"biomesoplenty:fir_planks":68,"farmersdelight:cutting_board":1,"minecraft:oak_boat":3,"minecraft:stick":64,"minecraft:iron_ingot":41,"minecraft:iron_pickaxe":4,"minecraft:wooden_axe":2,"minecraft:stone_sword":2,"minecraft:iron_shovel":1,"minecraft:iron_leggings":1,"minecraft:torch":96,"marbledsarsenal:barbed_baseball_bat":1,"biomesoplenty:fir_door":3},"minecraft:mined":{"minecraft:tuff":78,"minecraft:spruce_planks":5,"biomesoplenty:cherry_log":3,"minecraft:farmland":1,"minecraft:deepslate_diamond_ore":8,"minecraft:granite":27,"biomesoplenty:bush":4,"minecraft:grass_block":181,"biomesoplenty:flowering_oak_leaves":2,"minecraft:light_gray_bed":4,"farmersdelight:budding_tomatoes":8,"minecraft:oxeye_daisy":1,"minecraft:furnace":11,"biomesoplenty:toadstool":3,"minecraft:iron_ore":40,"minecraft:cobbled_deepslate":9,"biomesoplenty:violet":1,"minecraft:andesite":98,"bunker_down:steel_vent":1,"minecraft:azure_bluet":1,"minecraft:sculk_shrieker":1,"minecraft:potatoes":2,"biomesoplenty:pink_cherry_leaves":3,"minecraft:dirt_path":2,"minecraft:deepslate_iron_ore":9,"minecraft:oak_stairs":2,"crittersandcompanions:silk_cocoon":1,"minecraft:stripped_oak_log":4,"minecraft:pink_tulip":1,"bunker_down:steel_block":2,"minecraft:stone":643,"minecraft:deepslate_redstone_ore":2,"minecraft:glass_pane":1,"minecraft:lily_of_the_valley":1,"minecraft:crafting_table":16,"minecraft:torch":10,"minecraft:spruce_button":1,"biomesoplenty:fir_planks":2,"minecraft:rose_bush":96,"minecraft:dead_bush":3,"minecraft:copper_ore":6,"minecraft:cobblestone":26,"biomesoplenty:sprout":98,"farmersdelight:wild_tomatoes":10,"minecraft:deepslate_gold_ore":2,"minecraft:lapis_ore":3,"minecraft:oak_planks":17,"minecraft:diorite":97,"minecraft:wall_torch":26,"supplementaries:urn":7,"minecraft:purple_bed":1,"minecraft:wheat":8,"minecraft:sweet_berry_bush":28,"minecraft:lilac":52,"minecraft:spruce_log":19,"biomesoplenty:maple_leaves":14,"biomesoplenty:fir_log":17,"minecraft:yellow_bed":5,"minecraft:grass":81,"minecraft:coal_ore":74,"minecraft:oak_log":62,"minecraft:gravel":13,"minecraft:dirt":220,"minecraft:sunflower":48,"minecraft:deepslate":720,"biomesoplenty:reed":4,"minecraft:oak_leaves":16,"minecraft:fern":4},"minecraft:used":{"marbledsarsenal:baseball_bat":51,"minecraft:rose_bush":88,"minecraft:stone_sword":176,"minecraft:iron_shovel":250,"minecraft:armor_stand":2,"farmersdelight:cabbage_seeds":5,"minecraft:spruce_planks":48,"marbledsarsenal:barbed_baseball_bat":412,"minecraft:rotten_flesh":46,"minecraft:stone_hoe":107,"minecraft:stick":2,"minecraft:iron_chestplate":1,"supplementaries:globe":1,"minecraft:torch":129,"minecraft:dirt":204,"minecraft:lily_of_the_valley":1,"minecraft:tuff":19,"minecraft:snowball":1,"minecraft:azure_bluet":1,"minecraft:wooden_axe":14,"biomesoplenty:cherry_planks":8,"minecraft:oak_stairs":2,"minecraft:iron_axe":33,"minecraft:iron_helmet":1,"farmersdelight:tomato_sauce":15,"farmersdelight:cutting_board":1,"minecraft:sweet_berries":146,"minecraft:furnace":12,"naturalist:bass_bucket":2,"minecraft:egg":1,"minecraft:cooked_beef":14,"farmersdelight:tomato_seeds":17,"minecraft:cobbled_deepslate":367,"minecraft:light_gray_bed":6,"minecraft:water_bucket":20,"minecraft:wheat_seeds":45,"minecraft:pink_tulip":1,"minecraft:baked_potato":7,"minecraft:stone_pickaxe":1087,"minecraft:glass_bottle":22,"minecraft:oak_planks":94,"minecraft:wooden_pickaxe":52,"biomesoplenty:fir_planks":11,"minecraft:cobblestone_slab":1,"minecraft:crafting_table":21,"minecraft:oak_log":4,"cold_sweat:fur_pants":1,"bunker_down:steel_block":1,"minecraft:diamond_shovel":113,"minecraft:sunflower":40,"minecraft:bread":8,"minecraft:iron_pickaxe":760,"minecraft:suspicious_stew":1,"supplementaries:flax_seeds":5,"naturalist:cooked_duck":1,"minecraft:deepslate":9,"minecraft:lilac":47,"minecraft:stone_axe":195,"minecraft:gravel":13,"minecraft:potion":36,"cold_sweat:fur_cap":1,"minecraft:wooden_sword":59,"minecraft:diamond_sword":114,"biomesoplenty:fir_door":1,"farmersdelight:cooked_bacon":56,"minecraft:cobblestone":221,"minecraft:cooked_porkchop":3,"minecraft:andesite":1,"minecraft:bucket":23,"minecraft:yellow_bed":4,"minecraft:oak_boat":2,"minecraft:air":1,"minecraft:bone_meal":39},"minecraft:killed_by":{"minecraft:drowned":2,"minecraft:zombie":4,"naturalist:bear":10,"rottencreatures:undead_miner":1},"minecraft:custom":{"minecraft:interact_with_anvil":3,"minecraft:mob_kills":162,"minecraft:animals_bred":2,"minecraft:interact_with_crafting_table":65,"minecraft:open_barrel":2,"minecraft:interact_with_campfire":14,"minecraft:damage_dealt_resisted":226,"minecraft:leave_game":14,"minecraft:time_since_death":975,"minecraft:climb_one_cm":26157,"minecraft:sprint_one_cm":935907,"minecraft:walk_one_cm":804276,"minecraft:drop":88,"minecraft:damage_dealt_absorbed":39,"minecraft:talked_to_villager":7,"minecraft:play_time":482060,"minecraft:sneak_time":108684,"minecraft:deaths":20,"minecraft:walk_under_water_one_cm":40993,"minecraft:boat_one_cm":218367,"minecraft:jump":8015,"minecraft:interact_with_blast_furnace":3,"minecraft:walk_on_water_one_cm":77550,"minecraft:total_world_time":482060,"minecraft:interact_with_furnace":54,"minecraft:sleep_in_bed":15,"minecraft:time_since_rest":998,"minecraft:damage_taken":10630,"minecraft:damage_dealt":40790,"minecraft:swim_one_cm":114608,"minecraft:fly_one_cm":1597624,"minecraft:open_chest":66,"minecraft:crouch_one_cm":276715,"minecraft:fall_one_cm":265150},"minecraft:broken":{"minecraft:iron_shovel":1,"minecraft:stone_pickaxe":8,"minecraft:wooden_sword":1,"minecraft:iron_pickaxe":3},"minecraft:picked_up":{"minecraft:iron_chestplate":1,"minecraft:crafting_table":15,"minecraft:wheat":8,"minecraft:azure_bluet":1,"minecraft:chicken":4,"cold_sweat:fur_cap":5,"minecraft:lead":1,"minecraft:diamond_sword":1,"minecraft:wooden_pickaxe":1,"minecraft:oak_stairs":2,"biomesoplenty:violet":1,"minecraft:potion":28,"marbledsapi:steel_sheet":5,"marbledsarsenal:baseball_bat":4,"farmersdelight:diamond_knife":1,"minecraft:raw_copper":26,"minecraft:armor_stand":2,"minecraft:iron_shovel":1,"minecraft:cobbled_deepslate":746,"biomesoplenty:fir_planks":2,"minecraft:spruce_planks":6,"minecraft:beef":10,"minecraft:rose_bush":88,"minecraft:redstone_torch":10,"minecraft:cobblestone_slab":1,"minecraft:iron_nugget":3,"minecraft:piston":1,"crittersandcompanions:clam":3,"farmersdelight:cabbage_seeds":2,"minecraft:furnace":11,"minecraft:egg":6,"minecraft:stick":31,"minecraft:raw_iron":58,"naturalist:duck":1,"farmersdelight:rotten_tomato":1,"minecraft:torch":82,"sophisticatedbackpacks:backpack":1,"minecraft:porkchop":2,"farmersdelight:tomato_seeds":26,"minecraft:diorite":102,"minecraft:carrot":1,"minecraft:redstone":10,"minecraft:stone_sword":2,"minecraft:light_gray_bed":5,"minecraft:rotten_flesh":125,"minecraft:pink_tulip":1,"supplementaries:ash":4,"minecraft:white_wool":1,"minecraft:cobblestone":691,"minecraft:oxeye_daisy":2,"minecraft:stripped_oak_log":4,"taccraft:flak_vest_helmet":4,"minecraft:lilac":49,"minecraft:feather":10,"cold_sweat:fur_pants":1,"bunker_down:brittle_pickaxe":2,"minecraft:andesite":100,"minecraft:leather":8,"taccraft:nylon_stripe":1,"marbledsarsenal:barbed_baseball_bat":1,"bunker_down:steel_vent":1,"minecraft:potato":5,"biomesoplenty:fir_log":17,"minecraft:flint":1,"minecraft:tuff":68,"minecraft:oak_log":167,"supplementaries:flax_seeds":5,"farmersdelight:cooked_bacon":42,"minecraft:yellow_bed":5,"farmersdelight:tomato":13,"minecraft:lapis_lazuli":36,"minecraft:dirt":417,"bunker_down:steel_block":1,"minecraft:bone":7,"minecraft:apple":1,"minecraft:wheat_seeds":64,"minecraft:raw_gold":4,"farmersdelight:apple_cider":4,"minecraft:iron_ingot":14,"minecraft:stone_pickaxe":10,"minecraft:glass_bottle":5,"minecraft:oak_planks":37,"biomesoplenty:cherry_log":2,"biomesoplenty:toadstool":3,"minecraft:sweet_berries":195,"minecraft:gravel":13,"minecraft:spruce_log":22,"minecraft:lily_of_the_valley":1,"minecraft:diamond_shovel":1,"biomesoplenty:maple_sapling":2,"minecraft:purple_bed":1,"minecraft:diamond":9,"minecraft:deepslate":9,"minecraft:stone_axe":2,"minecraft:iron_helmet":1,"minecraft:granite":46,"minecraft:bone_meal":18,"minecraft:oak_sapling":2,"rottencreatures:magma_rotten_flesh":3,"minecraft:coal":121,"minecraft:sunflower":40,"minecraft:wooden_axe":1},"minecraft:dropped":{"bunker_down:steel_vent":1,"minecraft:piston":1,"minecraft:wheat_seeds":5,"minecraft:lapis_lazuli":8,"minecraft:glass_bottle":6,"farmersdelight:cooked_bacon":2,"minecraft:feather":4,"minecraft:cobblestone":184,"minecraft:granite":46,"minecraft:stick":7,"minecraft:oxeye_daisy":1,"minecraft:dirt":37,"minecraft:diorite":16,"minecraft:wooden_axe":1,"minecraft:potion":6,"bunker_down:brittle_pickaxe":1,"minecraft:iron_shovel":1,"rottencreatures:magma_rotten_flesh":3,"marbledsarsenal:baseball_bat":1,"minecraft:white_wool":1,"taccraft:flak_vest_helmet":1,"farmersdelight:rotten_tomato":1,"minecraft:stone_axe":1,"flashlight:flashlight":1,"minecraft:stone_sword":1,"minecraft:cobbled_deepslate":217,"minecraft:bowl":1,"minecraft:tuff":12,"minecraft:chicken":2,"minecraft:rotten_flesh":56,"minecraft:oak_planks":2,"cold_sweat:fur_cap":2,"supplementaries:ash":4,"flashlight:smallredstonebattery":1,"minecraft:andesite":88,"minecraft:oak_sapling":1,"minecraft:redstone_torch":5,"marbledsarsenal:katana":1,"minecraft:beef":2,"minecraft:stone_pickaxe":2,"minecraft:wooden_pickaxe":2,"farmersdelight:apple_cider":1,"minecraft:egg":1},"minecraft:killed":{"minecraft:zombified_piglin":4,"hordes:zombie_player":2,"rottencreatures:burned":2,"naturalist:robin":1,"naturalist:duck":1,"minecraft:chicken":2,"minecraft:drowned":16,"naturalist:cardinal":1,"rottencreatures:undead_miner":9,"minecraft:husk":46,"minecraft:pig":2,"minecraft:zombie_villager":2,"naturalist:bear":13,"naturalist:snake":1,"minecraft:sheep":1,"minecraft:trader_llama":1,"minecraft:zombie":58,"minecraft:cow":3}},"DataVersion":3120}