{"stats":{"minecraft:used":{"minecraft:iron_shovel":250,"farmersdelight:cabbage_seeds":5,"marbledsarsenal:barbed_baseball_bat":412,"minecraft:rotten_flesh":46,"supplementaries:globe":1,"minecraft:lily_of_the_valley":1,"minecraft:tuff":58,"minecraft:azure_bluet":1,"farmersdelight:tomato_sauce":5,"farmersdelight:cutting_board":1,"minecraft:sweet_berries":213,"minecraft:furnace":10,"minecraft:egg":1,"minecraft:potato":7,"minecraft:stone_pickaxe":1080,"minecraft:oak_planks":83,"minecraft:wooden_pickaxe":66,"cold_sweat:fur_pants":1,"bunker_down:steel_block":1,"minecraft:bread":11,"minecraft:gravel":13,"minecraft:lilac":49,"supplementaries:flax_seeds":5,"minecraft:diamond_sword":519,"minecraft:wooden_sword":59,"naturalist:cooked_duck":1,"minecraft:andesite":1,"minecraft:oak_boat":2,"minecraft:air":1,"minecraft:bone_meal":87,"marbledsarsenal:baseball_bat":51,"minecraft:rose_bush":88,"minecraft:stone_sword":176,"minecraft:spruce_planks":40,"minecraft:wooden_shovel":1,"minecraft:stone_hoe":107,"minecraft:stick":2,"minecraft:torch":131,"minecraft:dirt":76,"biomesoplenty:maple_sapling":1,"minecraft:wooden_axe":10,"minecraft:iron_axe":45,"naturalist:bass_bucket":2,"minecraft:cooked_beef":14,"farmersdelight:tomato_seeds":17,"minecraft:cobbled_deepslate":384,"minecraft:light_gray_bed":5,"minecraft:wheat_seeds":59,"minecraft:water_bucket":23,"minecraft:pink_tulip":1,"minecraft:glass_bottle":22,"minecraft:baked_potato":26,"minecraft:cobblestone_slab":1,"minecraft:crafting_table":17,"minecraft:oak_log":4,"minecraft:diamond_shovel":128,"minecraft:sunflower":40,"minecraft:iron_pickaxe":762,"minecraft:suspicious_stew":1,"minecraft:stone_axe":65,"farmersdelight:cooked_bacon":51,"minecraft:cobblestone":371,"biomesoplenty:fir_door":1,"minecraft:potion":36,"minecraft:purple_bed":1,"minecraft:cooked_porkchop":3,"minecraft:bucket":26},"minecraft:mined":{"minecraft:spruce_planks":5,"minecraft:farmland":1,"minecraft:granite":27,"minecraft:grass_block":188,"biomesoplenty:flowering_oak_leaves":2,"minecraft:light_gray_bed":3,"farmersdelight:budding_tomatoes":8,"minecraft:oxeye_daisy":1,"minecraft:iron_ore":36,"minecraft:cobbled_deepslate":8,"biomesoplenty:violet":1,"minecraft:azure_bluet":1,"minecraft:sculk_shrieker":1,"biomesoplenty:pink_cherry_leaves":2,"minecraft:dirt_path":2,"minecraft:pink_tulip":1,"minecraft:deepslate_redstone_ore":2,"minecraft:torch":11,"minecraft:dead_bush":3,"minecraft:cobblestone":24,"minecraft:oak_planks":11,"minecraft:wall_torch":23,"minecraft:wheat":23,"minecraft:lilac":52,"biomesoplenty:maple_leaves":5,"biomesoplenty:fir_log":5,"minecraft:grass":79,"biomesoplenty:clover":1,"minecraft:oak_log":46,"minecraft:dirt":215,"minecraft:oak_leaves":17,"minecraft:deepslate":749,"biomesoplenty:reed":1,"minecraft:tuff":80,"minecraft:mossy_cobblestone":5,"minecraft:deepslate_diamond_ore":8,"biomesoplenty:bush":4,"minecraft:furnace":9,"biomesoplenty:toadstool":3,"minecraft:snow":2,"minecraft:andesite":87,"bunker_down:steel_vent":2,"minecraft:peony":3,"minecraft:potatoes":8,"minecraft:vine":1,"minecraft:deepslate_iron_ore":11,"crittersandcompanions:silk_cocoon":2,"minecraft:stripped_oak_log":4,"bunker_down:steel_block":3,"minecraft:stone":641,"minecraft:lily_of_the_valley":1,"minecraft:crafting_table":13,"minecraft:spruce_button":1,"minecraft:rose_bush":96,"minecraft:copper_ore":6,"minecraft:lapis_ore":3,"biomesoplenty:sprout":98,"minecraft:deepslate_gold_ore":2,"farmersdelight:wild_tomatoes":10,"minecraft:diorite":114,"supplementaries:urn":7,"minecraft:purple_bed":2,"minecraft:sweet_berry_bush":49,"minecraft:spruce_log":24,"minecraft:coal_ore":46,"minecraft:sunflower":48,"minecraft:gravel":13,"minecraft:cobweb":6,"minecraft:fern":5},"minecraft:broken":{"minecraft:iron_shovel":1,"minecraft:stone_pickaxe":8,"minecraft:wooden_sword":1,"minecraft:iron_pickaxe":3},"minecraft:crafted":{"naturalist:cooked_duck":1,"minecraft:oak_planks":136,"minecraft:iron_boots":2,"minecraft:stone_hoe":1,"minecraft:wooden_shovel":1,"minecraft:crafting_table":8,"minecraft:spruce_planks":92,"minecraft:iron_helmet":2,"minecraft:baked_potato":23,"minecraft:wooden_pickaxe":2,"biomesoplenty:fir_planks":20,"farmersdelight:cutting_board":1,"minecraft:iron_chestplate":1,"sophisticatedbackpacks:diamond_backpack":1,"minecraft:stick":60,"minecraft:iron_ingot":53,"minecraft:iron_pickaxe":4,"minecraft:stone_sword":2,"minecraft:gold_ingot":13,"biomesoplenty:fir_door":3,"minecraft:wooden_sword":1,"minecraft:stone_shovel":1,"minecraft:iron_nugget":9,"minecraft:spruce_button":1,"minecraft:furnace":2,"minecraft:bone_meal":69,"minecraft:iron_axe":1,"farmersdelight:cooked_chicken_cuts":4,"minecraft:stone_pickaxe":4,"marbledsarsenal:katana":1,"sophisticatedbackpacks:iron_backpack":1,"minecraft:stripped_oak_wood":3,"sophisticatedbackpacks:gold_backpack":1,"minecraft:bucket":1,"minecraft:stone_axe":2,"minecraft:bread":8,"minecraft:air":0,"minecraft:oak_boat":3,"minecraft:wooden_axe":1,"minecraft:iron_shovel":1,"minecraft:iron_leggings":3,"minecraft:torch":124,"marbledsarsenal:barbed_baseball_bat":1},"minecraft:custom":{"minecraft:animals_bred":2,"minecraft:interact_with_crafting_table":71,"minecraft:open_barrel":4,"minecraft:leave_game":12,"minecraft:time_since_death":16255,"minecraft:sprint_one_cm":946971,"minecraft:drop":128,"minecraft:talked_to_villager":9,"minecraft:play_time":485957,"minecraft:deaths":13,"minecraft:jump":7896,"minecraft:walk_on_water_one_cm":73742,"minecraft:interact_with_furnace":79,"minecraft:sleep_in_bed":11,"minecraft:damage_dealt":50169,"minecraft:crouch_one_cm":286621,"minecraft:mob_kills":178,"minecraft:interact_with_anvil":3,"minecraft:interact_with_campfire":14,"minecraft:damage_dealt_resisted":94,"minecraft:climb_one_cm":53864,"minecraft:walk_one_cm":881862,"minecraft:damage_dealt_absorbed":180,"minecraft:sneak_time":113942,"minecraft:walk_under_water_one_cm":42945,"minecraft:boat_one_cm":218367,"minecraft:interact_with_blast_furnace":5,"minecraft:total_world_time":485957,"minecraft:time_since_rest":13361,"minecraft:damage_taken":9443,"minecraft:swim_one_cm":122345,"minecraft:fly_one_cm":1511263,"minecraft:open_chest":91,"minecraft:fall_one_cm":243013},"minecraft:picked_up":{"minecraft:iron_chestplate":1,"minecraft:wheat":22,"cold_sweat:fur_cap":4,"artifacts:bunny_hoppers":2,"minecraft:lead":1,"minecraft:diamond_sword":1,"biomesoplenty:violet":2,"minecraft:potion":29,"minecraft:string":9,"minecraft:raw_copper":26,"minecraft:armor_stand":1,"minecraft:cobbled_deepslate":756,"minecraft:spruce_planks":6,"minecraft:redstone_torch":10,"minecraft:rose_bush":88,"minecraft:cobblestone_slab":1,"farmersdelight:cabbage_seeds":2,"minecraft:iron_boots":1,"minecraft:furnace":10,"minecraft:stick":28,"farmersdelight:rotten_tomato":1,"minecraft:torch":79,"minecraft:porkchop":3,"minecraft:diorite":119,"minecraft:stone_sword":2,"minecraft:rotten_flesh":152,"minecraft:light_gray_bed":4,"supplementaries:ash":4,"minecraft:snowball":2,"minecraft:cobblestone":768,"bunker_down:brittle_pickaxe":2,"taccraft:flak_vest_helmet":4,"cold_sweat:fur_pants":1,"minecraft:feather":8,"minecraft:lilac":50,"minecraft:water_bucket":1,"minecraft:andesite":89,"taccraft:nylon_stripe":1,"marbledsarsenal:barbed_baseball_bat":1,"bunker_down:steel_vent":2,"minecraft:potato":28,"biomesoplenty:fir_log":5,"minecraft:flint":1,"minecraft:tuff":70,"farmersdelight:cooked_bacon":42,"supplementaries:flax_seeds":5,"minecraft:lapis_lazuli":36,"farmersdelight:tomato":13,"minecraft:dirt":418,"minecraft:bone":17,"minecraft:wheat_seeds":97,"minecraft:raw_gold":4,"minecraft:oak_planks":32,"biomesoplenty:toadstool":3,"minecraft:lily_of_the_valley":1,"minecraft:mossy_cobblestone":1,"minecraft:diamond":9,"minecraft:granite":46,"minecraft:bone_meal":18,"minecraft:oak_sapling":2,"rottencreatures:magma_rotten_flesh":3,"minecraft:crafting_table":12,"minecraft:azure_bluet":1,"minecraft:chicken":4,"minecraft:wooden_pickaxe":1,"farmersdelight:tomato_sauce":11,"marbledsapi:steel_sheet":5,"marbledsarsenal:baseball_bat":4,"farmersdelight:diamond_knife":1,"minecraft:iron_shovel":1,"minecraft:beef":10,"minecraft:iron_nugget":3,"crittersandcompanions:clam":2,"minecraft:piston":1,"minecraft:egg":6,"minecraft:raw_iron":56,"naturalist:duck":1,"sophisticatedbackpacks:backpack":3,"minecraft:spruce_fence":1,"farmersdelight:tomato_seeds":26,"minecraft:carrot":1,"minecraft:redstone":10,"minecraft:stone_shovel":1,"minecraft:peony":2,"crittersandcompanions:silk":5,"minecraft:pink_tulip":1,"minecraft:white_wool":1,"minecraft:oxeye_daisy":2,"minecraft:stripped_oak_log":4,"minecraft:leather":7,"minecraft:oak_log":70,"minecraft:gunpowder":9,"bunker_down:steel_block":2,"minecraft:apple":1,"farmersdelight:apple_cider":4,"minecraft:iron_ingot":2,"minecraft:stone_pickaxe":10,"minecraft:glass_bottle":5,"minecraft:sweet_berries":262,"bunker_down:underroot_stage_1":1,"minecraft:gravel":13,"minecraft:spruce_log":23,"minecraft:diamond_shovel":1,"biomesoplenty:maple_sapling":3,"minecraft:purple_bed":2,"minecraft:stone_axe":26,"minecraft:iron_helmet":1,"minecraft:baked_potato":3,"minecraft:coal":102,"minecraft:wooden_axe":1,"minecraft:sunflower":40},"minecraft:killed":{"rottencreatures:burned":2,"naturalist:robin":1,"minecraft:chicken":2,"artifacts:mimic":1,"minecraft:pig":3,"minecraft:zombie_villager":3,"naturalist:snake":1,"minecraft:sheep":1,"minecraft:trader_llama":1,"minecraft:zombie":90,"minecraft:cow":3,"hordes:zombie_player":2,"naturalist:duck":1,"minecraft:drowned":15,"naturalist:cardinal":1,"rottencreatures:undead_miner":10,"minecraft:husk":36,"naturalist:bear":12},"minecraft:dropped":{"bunker_down:steel_vent":1,"minecraft:piston":1,"minecraft:lapis_lazuli":8,"minecraft:oak_log":1,"minecraft:glass_bottle":6,"minecraft:diamond":1,"farmersdelight:cooked_bacon":2,"minecraft:leather":2,"minecraft:dirt":37,"minecraft:gold_nugget":2,"rottencreatures:magma_rotten_flesh":3,"marbledsarsenal:baseball_bat":1,"minecraft:white_wool":1,"taccraft:flak_vest_helmet":1,"minecraft:gold_ingot":2,"minecraft:stone_axe":21,"minecraft:cobbled_deepslate":216,"minecraft:wheat":1,"minecraft:rotten_flesh":56,"minecraft:oak_planks":2,"supplementaries:ash":4,"bunker_down:underroot_stage_1":1,"minecraft:beef":2,"minecraft:egg":1,"minecraft:water_bucket":1,"minecraft:wheat_seeds":7,"minecraft:feather":4,"minecraft:cobblestone":184,"minecraft:granite":46,"minecraft:stick":7,"biomesoplenty:violet":2,"minecraft:oxeye_daisy":1,"minecraft:diorite":16,"minecraft:wooden_axe":1,"minecraft:potion":6,"bunker_down:brittle_pickaxe":1,"minecraft:iron_shovel":1,"farmersdelight:rotten_tomato":1,"flashlight:flashlight":1,"minecraft:stone_sword":1,"minecraft:bowl":3,"minecraft:tuff":12,"minecraft:stone_shovel":1,"minecraft:chicken":2,"minecraft:iron_boots":2,"sophisticatedbackpacks:backpack":1,"cold_sweat:fur_cap":2,"minecraft:peony":1,"flashlight:smallredstonebattery":1,"minecraft:andesite":88,"minecraft:oak_sapling":1,"minecraft:redstone_torch":5,"marbledsarsenal:katana":1,"minecraft:stone_pickaxe":2,"minecraft:wooden_pickaxe":2,"farmersdelight:apple_cider":1},"minecraft:killed_by":{"minecraft:drowned":2,"minecraft:zombie":3,"rottencreatures:undead_miner":2,"naturalist:bear":4}},"DataVersion":3120}