{"stats":{"minecraft:mined":{"minecraft:nether_gold_ore":24,"minecraft:chiseled_polished_blackstone":3,"biomesoplenty:rose_quartz_block":7,"minecraft:grass_block":37,"sophisticatedbackpacks:iron_backpack":1,"minecraft:cracked_polished_blackstone_bricks":38,"minecraft:spruce_leaves":2,"minecraft:gilded_blackstone":2,"biomesoplenty:blackstone_bulb":3,"minecraft:polished_blackstone_bricks":106,"minecraft:furnace":3,"minecraft:carrots":5,"minecraft:nether_sprouts":1,"minecraft:fire":18,"biomesoplenty:flesh":7,"minecraft:gold_block":22,"minecraft:stone":26,"minecraft:white_banner":2,"biomesoplenty:rose_quartz_cluster":5,"minecraft:bone_block":7,"sophisticatedbackpacks:backpack":1,"biomesoplenty:medium_rose_quartz_bud":2,"minecraft:blackstone":34,"minecraft:soul_sand":78,"minecraft:twisting_vines_plant":6,"minecraft:basalt":4,"minecraft:crafting_table":5,"minecraft:warped_roots":3,"minecraft:chest":2,"minecraft:nether_quartz_ore":4,"biomesoplenty:sprout":3,"biomesoplenty:huge_clover_petal":1,"minecraft:polished_blackstone_brick_stairs":11,"minecraft:warped_wart_block":3,"minecraft:birch_planks":1,"minecraft:warped_nylium":16,"biomesoplenty:pink_daffodil":1,"minecraft:spruce_log":7,"biomesoplenty:large_rose_quartz_bud":5,"minecraft:warped_fungus":2,"biomesoplenty:fir_log":9,"minecraft:grass":6,"biomesoplenty:clover":3,"minecraft:coal_ore":10,"minecraft:gravel":1,"minecraft:netherrack":984},"minecraft:custom":{"minecraft:interact_with_smithing_table":1,"minecraft:mob_kills":84,"minecraft:interact_with_crafting_table":13,"minecraft:leave_game":2,"minecraft:time_since_death":7025,"minecraft:climb_one_cm":3978,"minecraft:sprint_one_cm":741086,"minecraft:walk_one_cm":583484,"minecraft:damage_blocked_by_shield":2386,"minecraft:drop":101,"minecraft:damage_dealt_absorbed":58,"minecraft:talked_to_villager":7,"minecraft:raid_win":2,"minecraft:play_time":268309,"minecraft:sneak_time":16518,"minecraft:deaths":26,"minecraft:walk_under_water_one_cm":39616,"minecraft:boat_one_cm":198417,"minecraft:jump":7345,"minecraft:total_world_time":268309,"minecraft:walk_on_water_one_cm":14686,"minecraft:interact_with_furnace":12,"minecraft:sleep_in_bed":1,"minecraft:time_since_rest":7049,"minecraft:waystone_activated":1,"minecraft:damage_absorbed":80,"minecraft:damage_taken":16586,"minecraft:damage_dealt":14733,"minecraft:swim_one_cm":111672,"minecraft:fly_one_cm":1680203,"minecraft:open_chest":70,"minecraft:crouch_one_cm":53778,"minecraft:fall_one_cm":189373},"minecraft:picked_up":{"minecraft:crafting_table":5,"minecraft:wheat":3,"minecraft:azure_bluet":2,"minecraft:chainmail_boots":3,"biomesoplenty:flesh":4,"minecraft:diamond_sword":1,"minecraft:gold_block":9,"minecraft:potion":1,"minecraft:golden_shovel":1,"minecraft:gilded_blackstone":2,"minecraft:nether_brick":6,"minecraft:shield":2,"minecraft:golden_sword":2,"minecraft:polished_blackstone_brick_stairs":11,"minecraft:string":1,"minecraft:flint_and_steel":2,"minecraft:iron_axe":5,"minecraft:cooked_salmon":1,"minecraft:experience_bottle":1,"takesapillage:ravager_horn":3,"minecraft:blackstone":58,"alexsmobs:dropbear_claw":2,"alexsmobs:blood_sac":4,"minecraft:diamond_leggings":2,"minecraft:gold_nugget":91,"immersive_melodies:trumpet":1,"minecraft:iron_nugget":22,"minecraft:poppy":12,"minecraft:chest":1,"minecraft:spruce_trapdoor":4,"minecraft:furnace":3,"minecraft:iron_boots":1,"biomesoplenty:rose_quartz_block":5,"minecraft:stick":4,"minecraft:torch":2,"sophisticatedbackpacks:backpack":1,"minecraft:fire_charge":1,"minecraft:polished_blackstone_bricks":166,"minecraft:golden_axe":4,"minecraft:carrot":20,"minecraft:iron_horse_armor":2,"minecraft:diamond_chestplate":1,"artifacts:snorkel":1,"minecraft:arrow":17,"minecraft:stone_shovel":2,"minecraft:rotten_flesh":7,"biomesoplenty:rose_quartz_chunk":13,"minecraft:beetroot_seeds":2,"minecraft:diamond_boots":1,"minecraft:gold_ingot":13,"minecraft:totem_of_undying":4,"minecraft:obsidian":15,"minecraft:cod":1,"minecraft:bone_block":10,"minecraft:cobblestone":26,"minecraft:cooked_beef":5,"minecraft:feather":4,"minecraft:basalt":4,"minecraft:magma_cream":7,"minecraft:golden_carrot":56,"minecraft:salmon":8,"minecraft:leather":8,"minecraft:golden_leggings":3,"minecraft:birch_planks":1,"biomesoplenty:fir_log":9,"immersive_melodies:bagpipe":1,"minecraft:ancient_debris":1,"minecraft:golden_boots":4,"minecraft:gunpowder":2,"minecraft:lapis_lazuli":25,"minecraft:dirt":24,"minecraft:white_banner":5,"minecraft:twisting_vines":5,"minecraft:bone":4,"minecraft:rabbit_hide":1,"minecraft:iron_ingot":17,"minecraft:stone_pickaxe":1,"minecraft:rabbit":1,"minecraft:diamond_helmet":3,"minecraft:iron_sword":4,"minecraft:soul_sand":86,"minecraft:book":1,"minecraft:chiseled_polished_blackstone":3,"minecraft:cooked_porkchop":8,"minecraft:warped_wart_block":2,"minecraft:quartz":24,"minecraft:gravel":12,"sophisticatedbackpacks:iron_backpack":1,"minecraft:spruce_log":7,"minecraft:grass_block":32,"minecraft:spectral_arrow":14,"minecraft:crying_obsidian":11,"minecraft:spider_eye":10,"minecraft:diamond_shovel":2,"minecraft:snout_armor_trim_smithing_template":1,"minecraft:spruce_boat":2,"minecraft:stone_axe":1,"waystones:waystone":1,"minecraft:chainmail_leggings":3,"alexsmobs:rainbow_jelly":2,"minecraft:cracked_polished_blackstone_bricks":55,"minecraft:crossbow":1,"minecraft:emerald":20,"minecraft:golden_horse_armor":4,"minecraft:chainmail_helmet":1,"minecraft:bread":61,"minecraft:warped_roots":3,"biomesoplenty:pink_daffodil":1,"minecraft:netherrack":814,"minecraft:melon_seeds":8,"minecraft:coal":28},"minecraft:broken":{"minecraft:diamond_chestplate":1,"minecraft:golden_boots":1,"minecraft:golden_shovel":1,"minecraft:diamond_leggings":1,"minecraft:diamond_boots":1},"minecraft:killed_by":{"minecraft:evoker":1,"minecraft:player":1,"takesapillage:legioner":1,"minecraft:iron_golem":1,"alexsmobs:bison":1},"minecraft:killed":{"alexsmobs:dropbear":2,"minecraft:evoker":3,"minecraft:vex":5,"minecraft:witch":3,"takesapillage:legioner":5,"minecraft:vindicator":4,"minecraft:cod":1,"minecraft:skeleton":3,"alexsmobs:blue_jay":1,"alexsmobs:comb_jelly":2,"minecraft:drowned":1,"minecraft:piglin":9,"minecraft:salmon":8,"takesapillage:skirmisher":1,"minecraft:rabbit":1,"alexsmobs:seal":2,"minecraft:strider":1,"minecraft:hoglin":1,"alexsmobs:crimson_mosquito":5,"minecraft:pillager":7,"minecraft:zombie":1,"minecraft:ghast":1,"takesapillage:archer":4,"minecraft:enderman":1},"minecraft:used":{"minecraft:flint_and_steel":39,"minecraft:diamond_hoe":9,"minecraft:spruce_planks":10,"minecraft:shield":26,"minecraft:cooked_salmon":6,"minecraft:rotten_flesh":3,"minecraft:netherrack":476,"minecraft:torch":2,"minecraft:dirt":76,"minecraft:warped_wart_block":1,"minecraft:carrot":14,"minecraft:golden_shovel":40,"minecraft:diamond_helmet":2,"minecraft:spruce_boat":1,"minecraft:wooden_axe":10,"minecraft:iron_axe":11,"minecraft:grass_block":32,"minecraft:polished_blackstone_brick_stairs":9,"minecraft:totem_of_undying":1,"minecraft:basalt":3,"minecraft:golden_carrot":58,"minecraft:furnace":3,"minecraft:cooked_beef":5,"biomesoplenty:flesh":2,"minecraft:chiseled_polished_blackstone":1,"minecraft:diamond_boots":1,"minecraft:stone_pickaxe":19,"minecraft:blackstone":2,"minecraft:wooden_pickaxe":22,"biomesoplenty:fir_planks":32,"minecraft:diamond_axe":58,"minecraft:polished_blackstone_bricks":34,"minecraft:crafting_table":5,"minecraft:diamond_pickaxe":1295,"minecraft:diamond_shovel":80,"minecraft:cracked_polished_blackstone_bricks":8,"minecraft:bread":54,"minecraft:stone_axe":21,"minecraft:diamond_sword":160,"minecraft:cobblestone":4,"minecraft:white_banner":2,"minecraft:cooked_porkchop":8,"minecraft:cooked_rabbit":1,"minecraft:pumpkin_pie":2,"minecraft:bone_meal":15},"minecraft:dropped":{"minecraft:golden_boots":1,"minecraft:bread":7,"minecraft:iron_sword":3,"minecraft:soul_sand":77,"biomesoplenty:pink_daffodil":1,"minecraft:golden_horse_armor":4,"minecraft:crafting_table":1,"minecraft:diamond_leggings":1,"minecraft:golden_axe":4,"minecraft:book":1,"biomesoplenty:rose_quartz_chunk":1,"minecraft:iron_horse_armor":3,"minecraft:chainmail_helmet":1,"minecraft:emerald":9,"minecraft:cracked_polished_blackstone_bricks":34,"minecraft:diamond_helmet":2,"minecraft:fire_charge":1,"minecraft:potion":1,"minecraft:gilded_blackstone":1,"minecraft:iron_axe":4,"minecraft:white_banner":2,"minecraft:polished_blackstone_bricks":128,"minecraft:chainmail_leggings":2,"minecraft:gold_ingot":31,"minecraft:furnace":1,"minecraft:stone_axe":1,"minecraft:blackstone":8,"minecraft:twisting_vines":1,"minecraft:wheat":6,"minecraft:stone_shovel":2,"minecraft:rotten_flesh":4,"minecraft:diamond_shovel":1,"minecraft:flint_and_steel":2,"minecraft:poppy":2,"minecraft:rabbit_hide":1,"takesapillage:ravager_horn":2,"minecraft:shield":2,"minecraft:spruce_trapdoor":4,"minecraft:beetroot_seeds":4,"minecraft:melon_seeds":12,"minecraft:chainmail_boots":2,"minecraft:golden_sword":1,"minecraft:spider_eye":10,"minecraft:arrow":8,"minecraft:stone_pickaxe":1,"waystones:waystone":1,"minecraft:quartz":4,"minecraft:netherrack":70},"minecraft:crafted":{"minecraft:golden_carrot":7,"minecraft:furnace":1,"minecraft:bone_meal":15,"minecraft:stone_pickaxe":1,"minecraft:cooked_rabbit":1,"sophisticatedbackpacks:iron_backpack":1,"minecraft:crafting_table":2,"minecraft:spruce_planks":28,"minecraft:wooden_pickaxe":1,"minecraft:cooked_salmon":5,"sophisticatedbackpacks:gold_backpack":1,"minecraft:stone_axe":1,"minecraft:air":0,"biomesoplenty:fir_planks":36,"minecraft:stick":8,"minecraft:wooden_axe":1,"minecraft:gold_ingot":27}},"DataVersion":3465}