{"stats":{"minecraft:killed_by":{"minecraft:drowned":2,"minecraft:zombie":4,"rottencreatures:undead_miner":1,"naturalist:bear":10},"minecraft:custom":{"minecraft:animals_bred":2,"minecraft:interact_with_crafting_table":71,"minecraft:open_barrel":2,"minecraft:leave_game":15,"minecraft:time_since_death":25003,"minecraft:sprint_one_cm":967291,"minecraft:drop":100,"minecraft:talked_to_villager":7,"minecraft:play_time":506088,"minecraft:deaths":20,"minecraft:jump":8197,"minecraft:walk_on_water_one_cm":79939,"minecraft:interact_with_furnace":57,"minecraft:sleep_in_bed":15,"minecraft:damage_dealt":44719,"minecraft:crouch_one_cm":292293,"minecraft:mob_kills":180,"minecraft:interact_with_anvil":3,"minecraft:interact_with_campfire":14,"minecraft:damage_dealt_resisted":238,"minecraft:climb_one_cm":26160,"minecraft:walk_one_cm":827593,"minecraft:damage_dealt_absorbed":39,"minecraft:sneak_time":118114,"minecraft:walk_under_water_one_cm":42342,"minecraft:boat_one_cm":218367,"minecraft:interact_with_blast_furnace":3,"minecraft:total_world_time":506088,"minecraft:time_since_rest":25026,"minecraft:damage_taken":10760,"minecraft:swim_one_cm":131736,"minecraft:fly_one_cm":1627764,"minecraft:open_chest":66,"minecraft:fall_one_cm":269317},"minecraft:used":{"minecraft:iron_shovel":250,"farmersdelight:cabbage_seeds":5,"marbledsarsenal:barbed_baseball_bat":412,"minecraft:rotten_flesh":46,"minecraft:iron_chestplate":1,"supplementaries:globe":1,"minecraft:lily_of_the_valley":1,"minecraft:tuff":19,"minecraft:azure_bluet":1,"minecraft:snowball":1,"biomesoplenty:cherry_planks":8,"minecraft:iron_helmet":1,"farmersdelight:tomato_sauce":15,"farmersdelight:cutting_board":1,"minecraft:sweet_berries":146,"minecraft:furnace":13,"minecraft:egg":1,"minecraft:stone_pickaxe":1137,"minecraft:oak_planks":127,"minecraft:wooden_pickaxe":96,"biomesoplenty:fir_planks":11,"cold_sweat:fur_pants":1,"bunker_down:steel_block":1,"minecraft:bread":8,"minecraft:deepslate":9,"minecraft:gravel":13,"minecraft:lilac":47,"cold_sweat:fur_cap":1,"supplementaries:flax_seeds":5,"minecraft:diamond_sword":114,"minecraft:wooden_sword":59,"naturalist:cooked_duck":1,"minecraft:andesite":1,"minecraft:oak_boat":2,"minecraft:air":1,"minecraft:bone_meal":39,"marbledsarsenal:baseball_bat":51,"minecraft:rose_bush":88,"minecraft:stone_sword":264,"minecraft:armor_stand":2,"minecraft:spruce_planks":48,"minecraft:stone_hoe":107,"minecraft:stick":2,"minecraft:torch":142,"minecraft:dirt":208,"minecraft:wooden_axe":31,"minecraft:iron_axe":33,"minecraft:oak_stairs":2,"naturalist:bass_bucket":2,"minecraft:cooked_beef":14,"farmersdelight:tomato_seeds":17,"minecraft:cobbled_deepslate":367,"minecraft:light_gray_bed":6,"minecraft:wheat_seeds":45,"minecraft:water_bucket":20,"minecraft:pink_tulip":1,"minecraft:glass_bottle":22,"minecraft:baked_potato":7,"minecraft:cobblestone_slab":1,"minecraft:crafting_table":25,"minecraft:oak_log":4,"minecraft:diamond_shovel":113,"minecraft:sunflower":40,"minecraft:iron_pickaxe":760,"minecraft:suspicious_stew":1,"minecraft:stone_axe":204,"farmersdelight:cooked_bacon":59,"minecraft:cobblestone":291,"biomesoplenty:fir_door":1,"minecraft:potion":37,"minecraft:cooked_porkchop":3,"minecraft:bucket":23,"minecraft:yellow_bed":4},"minecraft:killed":{"minecraft:zombified_piglin":4,"rottencreatures:burned":2,"naturalist:robin":1,"minecraft:chicken":2,"minecraft:pig":2,"minecraft:zombie_villager":3,"naturalist:snake":1,"minecraft:sheep":1,"minecraft:trader_llama":1,"minecraft:zombie":75,"minecraft:cow":3,"hordes:zombie_player":2,"naturalist:duck":1,"minecraft:drowned":16,"naturalist:cardinal":1,"rottencreatures:undead_miner":9,"minecraft:husk":46,"naturalist:bear":13},"minecraft:picked_up":{"minecraft:iron_chestplate":1,"minecraft:wheat":15,"cold_sweat:fur_cap":5,"minecraft:lead":1,"minecraft:diamond_sword":1,"minecraft:oak_stairs":2,"biomesoplenty:violet":1,"minecraft:potion":28,"minecraft:string":1,"minecraft:raw_copper":26,"minecraft:armor_stand":2,"minecraft:beetroot":5,"minecraft:cobbled_deepslate":746,"biomesoplenty:fir_planks":2,"minecraft:spruce_planks":6,"minecraft:redstone_torch":10,"minecraft:rose_bush":88,"minecraft:cobblestone_slab":1,"farmersdelight:cabbage_seeds":2,"minecraft:furnace":12,"minecraft:stick":34,"farmersdelight:rotten_tomato":1,"minecraft:torch":84,"minecraft:porkchop":2,"minecraft:diorite":102,"minecraft:stone_sword":2,"minecraft:rotten_flesh":144,"minecraft:light_gray_bed":5,"supplementaries:ash":4,"minecraft:cobblestone":758,"bunker_down:brittle_pickaxe":2,"taccraft:flak_vest_helmet":4,"cold_sweat:fur_pants":1,"minecraft:feather":10,"minecraft:lilac":49,"minecraft:andesite":100,"taccraft:nylon_stripe":1,"marbledsarsenal:barbed_baseball_bat":1,"bunker_down:steel_vent":1,"minecraft:potato":10,"biomesoplenty:fir_log":17,"minecraft:flint":1,"minecraft:tuff":68,"farmersdelight:cooked_bacon":42,"supplementaries:flax_seeds":5,"minecraft:dirt":421,"minecraft:lapis_lazuli":36,"farmersdelight:tomato":13,"minecraft:bone":15,"minecraft:wheat_seeds":64,"minecraft:raw_gold":4,"biomesoplenty:cherry_log":2,"minecraft:oak_planks":39,"biomesoplenty:toadstool":3,"minecraft:lily_of_the_valley":1,"minecraft:diamond":9,"minecraft:deepslate":9,"minecraft:granite":46,"minecraft:bone_meal":18,"minecraft:oak_sapling":2,"rottencreatures:magma_rotten_flesh":3,"minecraft:crafting_table":17,"minecraft:azure_bluet":1,"minecraft:chicken":4,"minecraft:wooden_pickaxe":1,"marbledsapi:steel_sheet":5,"marbledsarsenal:baseball_bat":4,"farmersdelight:diamond_knife":1,"minecraft:iron_shovel":1,"minecraft:beef":10,"minecraft:iron_nugget":3,"crittersandcompanions:clam":3,"minecraft:piston":1,"minecraft:egg":6,"minecraft:raw_iron":59,"naturalist:duck":1,"sophisticatedbackpacks:backpack":1,"farmersdelight:tomato_seeds":26,"minecraft:carrot":23,"minecraft:redstone":10,"minecraft:beetroot_seeds":16,"minecraft:pink_tulip":1,"minecraft:white_wool":1,"minecraft:oxeye_daisy":2,"minecraft:stripped_oak_log":5,"minecraft:leather":8,"minecraft:oak_log":179,"minecraft:gunpowder":6,"minecraft:yellow_bed":5,"bunker_down:steel_block":3,"minecraft:apple":1,"farmersdelight:apple_cider":4,"minecraft:iron_ingot":14,"minecraft:stone_pickaxe":10,"minecraft:glass_bottle":5,"minecraft:sweet_berries":195,"minecraft:gravel":13,"minecraft:spruce_log":22,"minecraft:spider_eye":2,"minecraft:diamond_shovel":1,"biomesoplenty:maple_sapling":3,"minecraft:purple_bed":1,"minecraft:stone_axe":2,"minecraft:iron_helmet":1,"minecraft:coal":139,"minecraft:wooden_axe":1,"minecraft:sunflower":40},"minecraft:mined":{"minecraft:spruce_planks":5,"biomesoplenty:cherry_log":3,"minecraft:farmland":1,"minecraft:granite":27,"minecraft:grass_block":182,"biomesoplenty:flowering_oak_leaves":2,"minecraft:light_gray_bed":4,"farmersdelight:budding_tomatoes":8,"minecraft:oxeye_daisy":1,"minecraft:iron_ore":41,"minecraft:cobbled_deepslate":9,"biomesoplenty:violet":1,"minecraft:azure_bluet":1,"minecraft:sculk_shrieker":1,"biomesoplenty:pink_cherry_leaves":3,"minecraft:dirt_path":2,"minecraft:oak_stairs":2,"minecraft:pink_tulip":1,"minecraft:deepslate_redstone_ore":2,"minecraft:torch":10,"minecraft:dead_bush":3,"minecraft:cobblestone":35,"minecraft:oak_planks":18,"minecraft:wall_torch":27,"minecraft:wheat":13,"minecraft:lilac":52,"biomesoplenty:maple_leaves":17,"biomesoplenty:fir_log":17,"minecraft:grass":82,"minecraft:oak_log":74,"minecraft:beetroots":5,"minecraft:dirt":223,"minecraft:oak_leaves":16,"minecraft:deepslate":720,"biomesoplenty:reed":4,"minecraft:tuff":78,"minecraft:deepslate_diamond_ore":8,"biomesoplenty:bush":4,"minecraft:furnace":12,"minecraft:carrots":5,"biomesoplenty:toadstool":3,"minecraft:andesite":98,"bunker_down:steel_vent":1,"minecraft:potatoes":7,"minecraft:deepslate_iron_ore":9,"crittersandcompanions:silk_cocoon":1,"minecraft:stripped_oak_log":5,"bunker_down:steel_block":5,"minecraft:stone":701,"minecraft:glass_pane":1,"minecraft:lily_of_the_valley":1,"minecraft:crafting_table":18,"minecraft:spruce_button":1,"biomesoplenty:fir_planks":2,"minecraft:rose_bush":96,"minecraft:copper_ore":6,"minecraft:lapis_ore":3,"biomesoplenty:sprout":98,"minecraft:deepslate_gold_ore":2,"farmersdelight:wild_tomatoes":10,"minecraft:diorite":97,"supplementaries:urn":7,"minecraft:purple_bed":1,"minecraft:sweet_berry_bush":28,"minecraft:spruce_log":19,"minecraft:yellow_bed":5,"minecraft:coal_ore":74,"minecraft:sunflower":48,"minecraft:gravel":13,"minecraft:fern":5},"minecraft:crafted":{"naturalist:cooked_duck":1,"minecraft:oak_planks":272,"biomesoplenty:cherry_planks":8,"minecraft:iron_boots":1,"minecraft:stone_hoe":1,"minecraft:crafting_table":12,"minecraft:spruce_planks":72,"minecraft:baked_potato":20,"minecraft:wooden_pickaxe":5,"minecraft:iron_helmet":1,"biomesoplenty:fir_planks":68,"farmersdelight:cutting_board":1,"minecraft:stick":72,"minecraft:iron_ingot":41,"minecraft:iron_pickaxe":4,"minecraft:stone_sword":3,"biomesoplenty:fir_door":3,"minecraft:wooden_sword":1,"minecraft:iron_nugget":9,"minecraft:furnace":6,"minecraft:bone_meal":21,"minecraft:iron_axe":1,"minecraft:stone_pickaxe":5,"marbledsarsenal:katana":1,"sophisticatedbackpacks:iron_backpack":1,"minecraft:bowl":8,"minecraft:stripped_oak_wood":3,"minecraft:bucket":1,"minecraft:stone_axe":2,"minecraft:bread":9,"minecraft:air":0,"minecraft:oak_boat":3,"minecraft:wooden_axe":3,"minecraft:iron_shovel":1,"minecraft:iron_leggings":1,"minecraft:torch":96,"marbledsarsenal:barbed_baseball_bat":1},"minecraft:dropped":{"bunker_down:steel_vent":1,"minecraft:piston":1,"minecraft:lapis_lazuli":8,"crittersandcompanions:clam":2,"minecraft:glass_bottle":7,"farmersdelight:cooked_bacon":2,"minecraft:dirt":37,"rottencreatures:magma_rotten_flesh":3,"marbledsarsenal:baseball_bat":1,"minecraft:white_wool":1,"taccraft:flak_vest_helmet":1,"minecraft:stone_axe":1,"minecraft:cobbled_deepslate":217,"minecraft:wheat":2,"minecraft:rotten_flesh":56,"minecraft:oak_planks":2,"supplementaries:ash":4,"minecraft:beef":2,"minecraft:egg":1,"minecraft:wheat_seeds":5,"biomesoplenty:maple_sapling":1,"minecraft:feather":4,"minecraft:cobblestone":185,"minecraft:granite":46,"minecraft:stick":9,"minecraft:oxeye_daisy":1,"minecraft:diorite":16,"minecraft:wooden_axe":2,"minecraft:potion":6,"bunker_down:brittle_pickaxe":1,"minecraft:string":1,"minecraft:iron_shovel":1,"farmersdelight:rotten_tomato":1,"flashlight:flashlight":1,"minecraft:stone_sword":1,"minecraft:bowl":1,"minecraft:tuff":12,"minecraft:chicken":2,"cold_sweat:fur_cap":2,"flashlight:smallredstonebattery":1,"minecraft:andesite":88,"minecraft:oak_sapling":1,"bunker_down:steel_block":2,"minecraft:redstone_torch":5,"marbledsarsenal:katana":1,"minecraft:stone_pickaxe":2,"minecraft:wooden_pickaxe":4,"farmersdelight:apple_cider":1},"minecraft:broken":{"minecraft:iron_shovel":1,"minecraft:stone_pickaxe":9,"minecraft:wooden_sword":1,"minecraft:iron_pickaxe":3}},"DataVersion":3120}