{"stats":{"minecraft:mined":{"minecraft:nether_gold_ore":3,"minecraft:chiseled_polished_blackstone":3,"minecraft:grass_block":34,"sophisticatedbackpacks:iron_backpack":1,"minecraft:cracked_polished_blackstone_bricks":38,"minecraft:spruce_leaves":2,"minecraft:gilded_blackstone":2,"biomesoplenty:blackstone_bulb":3,"minecraft:polished_blackstone_bricks":106,"minecraft:furnace":3,"minecraft:nether_sprouts":1,"minecraft:fire":7,"biomesoplenty:flesh":5,"minecraft:gold_block":22,"minecraft:stone":26,"minecraft:white_banner":2,"minecraft:bone_block":7,"sophisticatedbackpacks:backpack":1,"minecraft:soul_sand":78,"minecraft:blackstone":34,"minecraft:twisting_vines_plant":6,"minecraft:basalt":4,"minecraft:crafting_table":2,"minecraft:warped_roots":3,"minecraft:chest":2,"minecraft:nether_quartz_ore":4,"biomesoplenty:sprout":3,"biomesoplenty:huge_clover_petal":1,"minecraft:polished_blackstone_brick_stairs":11,"minecraft:warped_wart_block":1,"minecraft:birch_planks":1,"minecraft:warped_nylium":14,"biomesoplenty:pink_daffodil":1,"minecraft:spruce_log":7,"minecraft:warped_fungus":2,"biomesoplenty:fir_log":9,"minecraft:grass":6,"biomesoplenty:clover":3,"minecraft:coal_ore":10,"minecraft:netherrack":305},"minecraft:picked_up":{"minecraft:crafting_table":2,"minecraft:wheat":3,"minecraft:chainmail_boots":1,"biomesoplenty:flesh":2,"minecraft:diamond_sword":1,"minecraft:gold_block":9,"minecraft:golden_shovel":1,"minecraft:gilded_blackstone":2,"minecraft:golden_sword":2,"minecraft:shield":2,"minecraft:string":1,"minecraft:polished_blackstone_brick_stairs":11,"minecraft:flint_and_steel":2,"minecraft:iron_axe":3,"minecraft:cooked_salmon":1,"minecraft:experience_bottle":1,"takesapillage:ravager_horn":1,"minecraft:blackstone":35,"alexsmobs:blood_sac":1,"minecraft:diamond_leggings":1,"minecraft:gold_nugget":29,"minecraft:iron_nugget":22,"immersive_melodies:trumpet":1,"minecraft:poppy":5,"minecraft:chest":1,"minecraft:furnace":3,"minecraft:torch":1,"sophisticatedbackpacks:backpack":1,"minecraft:polished_blackstone_bricks":166,"minecraft:golden_axe":2,"minecraft:iron_horse_armor":1,"artifacts:snorkel":1,"minecraft:rotten_flesh":5,"minecraft:arrow":10,"minecraft:stone_shovel":2,"minecraft:beetroot_seeds":2,"minecraft:gold_ingot":4,"minecraft:totem_of_undying":2,"minecraft:obsidian":10,"minecraft:cod":1,"minecraft:bone_block":10,"minecraft:cobblestone":26,"minecraft:basalt":4,"minecraft:feather":4,"minecraft:cooked_beef":5,"minecraft:magma_cream":7,"minecraft:golden_carrot":12,"minecraft:salmon":8,"minecraft:golden_leggings":3,"minecraft:birch_planks":1,"biomesoplenty:fir_log":9,"minecraft:ancient_debris":1,"minecraft:golden_boots":4,"minecraft:lapis_lazuli":25,"minecraft:dirt":2,"minecraft:white_banner":4,"minecraft:twisting_vines":5,"minecraft:bone":2,"minecraft:rabbit_hide":1,"minecraft:iron_ingot":17,"minecraft:stone_pickaxe":1,"minecraft:rabbit":1,"minecraft:diamond_helmet":1,"minecraft:soul_sand":77,"minecraft:iron_sword":3,"minecraft:book":1,"minecraft:cooked_porkchop":8,"minecraft:chiseled_polished_blackstone":3,"minecraft:warped_wart_block":1,"minecraft:quartz":4,"sophisticatedbackpacks:iron_backpack":1,"minecraft:spruce_log":7,"minecraft:grass_block":32,"minecraft:crying_obsidian":5,"minecraft:diamond_shovel":2,"minecraft:snout_armor_trim_smithing_template":1,"minecraft:spruce_boat":2,"minecraft:stone_axe":1,"minecraft:chainmail_leggings":2,"alexsmobs:rainbow_jelly":2,"minecraft:cracked_polished_blackstone_bricks":55,"minecraft:crossbow":1,"minecraft:warped_roots":1,"minecraft:emerald":14,"minecraft:bread":61,"minecraft:chainmail_helmet":1,"biomesoplenty:pink_daffodil":1,"minecraft:netherrack":339,"minecraft:melon_seeds":8,"minecraft:coal":28},"minecraft:custom":{"minecraft:interact_with_smithing_table":1,"minecraft:mob_kills":48,"minecraft:interact_with_crafting_table":4,"minecraft:time_since_death":76536,"minecraft:climb_one_cm":1000,"minecraft:sprint_one_cm":342642,"minecraft:walk_one_cm":330562,"minecraft:damage_blocked_by_shield":1860,"minecraft:drop":65,"minecraft:talked_to_villager":5,"minecraft:raid_win":1,"minecraft:play_time":133752,"minecraft:deaths":11,"minecraft:sneak_time":10035,"minecraft:walk_under_water_one_cm":33308,"minecraft:boat_one_cm":198417,"minecraft:jump":3408,"minecraft:total_world_time":133752,"minecraft:walk_on_water_one_cm":12504,"minecraft:interact_with_furnace":12,"minecraft:sleep_in_bed":1,"minecraft:time_since_rest":76559,"minecraft:damage_taken":6365,"minecraft:damage_dealt":6471,"minecraft:swim_one_cm":102811,"minecraft:fly_one_cm":766419,"minecraft:open_chest":29,"minecraft:crouch_one_cm":30234,"minecraft:fall_one_cm":72763},"minecraft:killed_by":{"takesapillage:legioner":1},"minecraft:used":{"minecraft:flint_and_steel":8,"minecraft:shield":20,"minecraft:netherrack":210,"minecraft:cooked_salmon":6,"minecraft:rotten_flesh":3,"minecraft:torch":1,"minecraft:diamond_helmet":1,"minecraft:golden_shovel":40,"minecraft:spruce_boat":1,"minecraft:wooden_axe":10,"minecraft:grass_block":32,"minecraft:polished_blackstone_brick_stairs":9,"minecraft:basalt":3,"minecraft:furnace":3,"minecraft:cooked_beef":5,"minecraft:chiseled_polished_blackstone":1,"minecraft:stone_pickaxe":19,"minecraft:blackstone":2,"minecraft:wooden_pickaxe":22,"minecraft:diamond_axe":33,"minecraft:polished_blackstone_bricks":34,"minecraft:crafting_table":2,"minecraft:diamond_pickaxe":565,"minecraft:diamond_shovel":78,"minecraft:cracked_polished_blackstone_bricks":8,"minecraft:bread":54,"minecraft:stone_axe":21,"minecraft:diamond_sword":51,"minecraft:cobblestone":4,"minecraft:white_banner":2,"minecraft:cooked_porkchop":1,"minecraft:cooked_rabbit":1},"minecraft:crafted":{"minecraft:furnace":1,"minecraft:stone_pickaxe":1,"minecraft:cooked_rabbit":1,"minecraft:crafting_table":1,"minecraft:spruce_planks":24,"minecraft:wooden_pickaxe":1,"minecraft:cooked_salmon":5,"minecraft:stone_axe":1,"minecraft:air":0,"minecraft:stick":8,"minecraft:wooden_axe":1},"minecraft:killed":{"minecraft:vex":3,"takesapillage:legioner":2,"minecraft:vindicator":3,"minecraft:cod":1,"alexsmobs:blue_jay":1,"alexsmobs:comb_jelly":2,"minecraft:drowned":1,"minecraft:piglin":8,"minecraft:salmon":8,"alexsmobs:seal":2,"minecraft:rabbit":1,"minecraft:strider":1,"minecraft:hoglin":1,"alexsmobs:crimson_mosquito":1,"minecraft:pillager":4,"takesapillage:archer":4},"minecraft:broken":{"minecraft:golden_shovel":1},"minecraft:dropped":{"minecraft:golden_boots":1,"minecraft:bread":7,"minecraft:iron_sword":3,"minecraft:soul_sand":77,"biomesoplenty:pink_daffodil":1,"minecraft:crafting_table":1,"minecraft:diamond_leggings":1,"minecraft:golden_axe":2,"minecraft:book":1,"minecraft:iron_horse_armor":2,"minecraft:chainmail_helmet":1,"minecraft:emerald":9,"minecraft:cracked_polished_blackstone_bricks":34,"minecraft:gilded_blackstone":1,"minecraft:white_banner":2,"minecraft:iron_axe":3,"minecraft:polished_blackstone_bricks":128,"minecraft:chainmail_leggings":2,"minecraft:furnace":1,"minecraft:stone_axe":1,"minecraft:blackstone":8,"minecraft:twisting_vines":1,"minecraft:wheat":6,"minecraft:stone_shovel":2,"minecraft:rotten_flesh":2,"minecraft:diamond_shovel":1,"minecraft:flint_and_steel":1,"minecraft:rabbit_hide":1,"minecraft:shield":1,"minecraft:beetroot_seeds":4,"minecraft:melon_seeds":12,"minecraft:chainmail_boots":1,"minecraft:arrow":7,"minecraft:stone_pickaxe":1,"minecraft:quartz":4,"minecraft:netherrack":64}},"DataVersion":3465}